,marca_x,modelo_x,marca_y_modelo_km77,match,marca_y,modelo_y,marca_y_modelo_dgt
0,FORD,EXPLORER,FORD EXPLORER,FORD EXPLORER,FORD,EXPLORER,FORD EXPLORER
1,MERCEDES,AMG GT,MERCEDES AMG GT,MERCEDES AMG AMG GT,MERCEDES AMG,AMG GT,MERCEDES AMG AMG GT
2,MERCEDES,AMG GT BLACK SERIES,MERCEDES AMG GT BLACK SERIES,MERCEDES AMG AMG GT,MERCEDES AMG,AMG GT,MERCEDES AMG AMG GT
3,MAZDA,CX 80,MAZDA CX 80,MAZDA CX 30,MAZDA,CX 30,MAZDA CX 30
4,MAZDA,CX 30,MAZDA CX 30,MAZDA CX 30,MAZDA,CX 30,MAZDA CX 30
5,BMW,IX3,BMW IX3,BMW IX3,BMW,IX3,BMW IX3
6,FIAT,BRAVO,FIAT BRAVO,FIAT BRAVO,FIAT,BRAVO,FIAT BRAVO
7,OMODA,5,OMODA 5,OMODA 5,OMODA,5,OMODA 5
8,SEAT,IBIZA,SEAT IBIZA,SEAT IBIZA,SEAT,IBIZA,SEAT IBIZA
9,ASTON MARTIN,VANTAGE,ASTON MARTIN VANTAGE,ASTON MARTIN VANTAGE,ASTON MARTIN,VANTAGE,ASTON MARTIN VANTAGE
10,ASTON MARTIN,VANTAGE V12,ASTON MARTIN VANTAGE V12,ASTON MARTIN VANTAGE,ASTON MARTIN,VANTAGE,ASTON MARTIN VANTAGE
11,FIAT,500,FIAT 500,FIAT 500,FIAT,500,FIAT 500
12,TESLA,MODEL Y,TESLA MODEL Y,TESLA MODEL Y,TESLA,MODEL Y,TESLA MODEL Y
13,BMW,SERIE 3 M3 CS,BMW SERIE 3 M3 CS,BMW SERIE 3,BMW,SERIE 3,BMW SERIE 3
14,BMW,SERIE 3,BMW SERIE 3,BMW SERIE 3,BMW,SERIE 3,BMW SERIE 3
15,BMW,SERIE 3 M3,BMW SERIE 3 M3,BMW SERIE 3,BMW,SERIE 3,BMW SERIE 3
16,BMW,SERIE 3 EDRIVE,BMW SERIE 3 EDRIVE,BMW SERIE 3,BMW,SERIE 3,BMW SERIE 3
17,BMW,SERIE 3 GRAN TURISMO,BMW SERIE 3 GRAN TURISMO,BMW SERIE 3,BMW,SERIE 3,BMW SERIE 3
18,BMW,SERIE 3 ESTANDAR,BMW SERIE 3 ESTANDAR,BMW SERIE 3,BMW,SERIE 3,BMW SERIE 3
19,HONDA,CR V,HONDA CR V,HONDA CR V,HONDA,CR V,HONDA CR V
20,HONDA,CR V,HONDA CR V,HONDA CR V,HONDA,CR V,HONDA CR V
21,HONDA,CR V,HONDA CR V,HONDA CR V,HONDA,CR V,HONDA CR V
22,HONDA,CR V HYBRID,HONDA CR V HYBRID,HONDA CR V,HONDA,CR V,HONDA CR V
23,HONDA,CR V HYBRID,HONDA CR V HYBRID,HONDA CR V,HONDA,CR V,HONDA CR V
24,HONDA,CR V HYBRID,HONDA CR V HYBRID,HONDA CR V,HONDA,CR V,HONDA CR V
25,MAZDA,CX 60,MAZDA CX 60,MAZDA CX 60,MAZDA,CX 60,MAZDA CX 60
26,PEUGEOT,5008,PEUGEOT 5008,PEUGEOT 5008,PEUGEOT,5008,PEUGEOT 5008
27,HYUNDAI,SANTA FE,HYUNDAI SANTA FE,HYUNDAI SANTA FE,HYUNDAI,SANTA FE,HYUNDAI SANTA FE
28,OPEL,ZAFIRA,OPEL ZAFIRA,OPEL ZAFIRA,OPEL,ZAFIRA,OPEL ZAFIRA
29,OPEL,ZAFIRA LIFE ELECTRIC,OPEL ZAFIRA LIFE ELECTRIC,OPEL ZAFIRA,OPEL,ZAFIRA,OPEL ZAFIRA
30,OPEL,ZAFIRA OPC,OPEL ZAFIRA OPC,OPEL ZAFIRA,OPEL,ZAFIRA,OPEL ZAFIRA
31,MERCEDES,CLA E,MERCEDES CLA E,MERCEDES BENZ E 320 CDI,MERCEDES BENZ,E 320 CDI,MERCEDES BENZ E 320 CDI
32,SKODA,KODIAQ RS,SKODA KODIAQ RS,SKODA KODIAQ,SKODA,KODIAQ,SKODA KODIAQ
33,SKODA,KODIAQ,SKODA KODIAQ,SKODA KODIAQ,SKODA,KODIAQ,SKODA KODIAQ
34,SKODA,KODIAQ SCOUT,SKODA KODIAQ SCOUT,SKODA KODIAQ,SKODA,KODIAQ,SKODA KODIAQ
35,CUPRA,FORMENTOR,CUPRA FORMENTOR,CUPRA FORMENTOR,CUPRA,FORMENTOR,CUPRA FORMENTOR
36,PEUGEOT,3008,PEUGEOT 3008,PEUGEOT 3008,PEUGEOT,3008,PEUGEOT 3008
37,PEUGEOT,3008 HYBRID4,PEUGEOT 3008 HYBRID4,PEUGEOT 3008,PEUGEOT,3008,PEUGEOT 3008
38,SKODA,ENYAQ,SKODA ENYAQ,SKODA ENYAQ 80,SKODA,ENYAQ 80,SKODA ENYAQ 80
39,HYUNDAI,IONIQ 5,HYUNDAI IONIQ 5,HYUNDAI IONIQ 5,HYUNDAI,IONIQ 5,HYUNDAI IONIQ 5
40,CITROEN,C3,CITROEN C3,CITROEN C3,CITROEN,C3,CITROEN C3
41,CITROEN,C3 PLURIEL,CITROEN C3 PLURIEL,CITROEN C3,CITROEN,C3,CITROEN C3
42,MERCEDES,CLASE GLC,MERCEDES CLASE GLC,MERCEDES BENZ CLASE GLC,MERCEDES BENZ,CLASE GLC,MERCEDES BENZ CLASE GLC
43,MERCEDES,CLASE GLC E,MERCEDES CLASE GLC E,MERCEDES BENZ CLASE GLC,MERCEDES BENZ,CLASE GLC,MERCEDES BENZ CLASE GLC
44,KIA,EV6,KIA EV6,KIA EV6,KIA,EV6,KIA EV6
45,BYD,ATTO 2,BYD ATTO 2,BYD ATTO 3,BYD,ATTO 3,BYD ATTO 3
46,BYD,ATTO 3,BYD ATTO 3,BYD ATTO 3,BYD,ATTO 3,BYD ATTO 3
47,AUDI,Q7,AUDI Q7,AUDI Q7,AUDI,Q7,AUDI Q7
48,AUDI,Q7 E,AUDI Q7 E,AUDI Q7,AUDI,Q7,AUDI Q7
49,CITROEN,C3 AIRCROSS,CITROEN C3 AIRCROSS,CITROEN C3 AIRCROSS,CITROEN,C3 AIRCROSS,CITROEN C3 AIRCROSS
50,TOYOTA,YARIS,TOYOTA YARIS,TOYOTA YARIS,TOYOTA,YARIS,TOYOTA YARIS
51,TOYOTA,YARIS GR,TOYOTA YARIS GR,TOYOTA YARIS,TOYOTA,YARIS,TOYOTA YARIS
52,TOYOTA,YARIS GRMN,TOYOTA YARIS GRMN,TOYOTA YARIS,TOYOTA,YARIS,TOYOTA YARIS
53,TOYOTA,YARIS T SPORT,TOYOTA YARIS T SPORT,TOYOTA YARIS,TOYOTA,YARIS,TOYOTA YARIS
54,FORD,MUSTANG MACH E,FORD MUSTANG MACH E,FORD MUSTANG MACH E,FORD,MUSTANG MACH E,FORD MUSTANG MACH E
55,FORD,MUSTANG MACH 1,FORD MUSTANG MACH 1,FORD MUSTANG MACH E,FORD,MUSTANG MACH E,FORD MUSTANG MACH E
56,SUBARU,FORESTER,SUBARU FORESTER,SUBARU FORESTER,SUBARU,FORESTER,SUBARU FORESTER
57,DS,7,DS 7,DS 7 CROSSBACK BLUEHDI,DS,7 CROSSBACK BLUEHDI,DS 7 CROSSBACK BLUEHDI
58,AUDI,Q5,AUDI Q5,AUDI Q5,AUDI,Q5,AUDI Q5
59,AUDI,Q5 TFSIE,AUDI Q5 TFSIE,AUDI Q5,AUDI,Q5,AUDI Q5
60,AUDI,Q5 HYBRID,AUDI Q5 HYBRID,AUDI Q5,AUDI,Q5,AUDI Q5
61,NISSAN,QASHQAI,NISSAN QASHQAI,NISSAN QASHQAI,NISSAN,QASHQAI,NISSAN QASHQAI
62,TOYOTA,URBAN CRUISER,TOYOTA URBAN CRUISER,TOYOTA URBAN CRUISER,TOYOTA,URBAN CRUISER,TOYOTA URBAN CRUISER
63,FIAT,TIPO,FIAT TIPO,FIAT TIPO,FIAT,TIPO,FIAT TIPO
64,BMW,X3,BMW X3,BMW X3,BMW,X3,BMW X3
65,BMW,X3 E,BMW X3 E,BMW X3,BMW,X3,BMW X3
66,HONDA,PRELUDE,HONDA PRELUDE,HONDA PRELUDE,HONDA,PRELUDE,HONDA PRELUDE
67,ALFA ROMEO,STELVIO QUADRIFOGLIO,ALFA ROMEO STELVIO QUADRIFOGLIO,ALFA ROMEO STELVIO QUADRIFOGLIO,ALFA ROMEO,STELVIO QUADRIFOGLIO,ALFA ROMEO STELVIO QUADRIFOGLIO
68,TOYOTA,C HR,TOYOTA C HR,TOYOTA C HR,TOYOTA,C HR,TOYOTA C HR
69,TOYOTA,C HR,TOYOTA C HR,TOYOTA C HR,TOYOTA,C HR,TOYOTA C HR
70,TOYOTA,C HR PHEV,TOYOTA C HR PHEV,TOYOTA C HR,TOYOTA,C HR,TOYOTA C HR
71,TOYOTA,C HR PHEV,TOYOTA C HR PHEV,TOYOTA C HR,TOYOTA,C HR,TOYOTA C HR
72,RENAULT,RAFALE,RENAULT RAFALE,RENAULT RAFALE,RENAULT,RAFALE,RENAULT RAFALE
73,RENAULT,RAFALE PHEV,RENAULT RAFALE PHEV,RENAULT RAFALE,RENAULT,RAFALE,RENAULT RAFALE
74,OPEL,GRANDLAND,OPEL GRANDLAND,OPEL GRANDLAND X,OPEL,GRANDLAND X,OPEL GRANDLAND X
75,OPEL,GRANDLAND X HIBRIDO ENCHUFABLE,OPEL GRANDLAND X HIBRIDO ENCHUFABLE,OPEL GRANDLAND X,OPEL,GRANDLAND X,OPEL GRANDLAND X
76,OPEL,GRANDLAND X,OPEL GRANDLAND X,OPEL GRANDLAND X,OPEL,GRANDLAND X,OPEL GRANDLAND X
77,RENAULT,5,RENAULT 5,RENAULT 5 GTL,RENAULT,5 GTL,RENAULT 5 GTL
78,FORD,PUMA ELECTRICO,FORD PUMA ELECTRICO,FORD PUMA,FORD,PUMA,FORD PUMA
79,FORD,PUMA,FORD PUMA,FORD PUMA,FORD,PUMA,FORD PUMA
80,FORD,PUMA ST,FORD PUMA ST,FORD PUMA,FORD,PUMA,FORD PUMA
81,AUDI,A5,AUDI A5,AUDI A5,AUDI,A5,AUDI A5
82,AUDI,A5 RS 5,AUDI A5 RS 5,AUDI A5,AUDI,A5,AUDI A5
83,AUDI,A5 ESTANDAR,AUDI A5 ESTANDAR,AUDI A5,AUDI,A5,AUDI A5
84,AUDI,A5 S5,AUDI A5 S5,AUDI A5,AUDI,A5,AUDI A5
85,OPEL,FRONTERA,OPEL FRONTERA,OPEL FRONTERA,OPEL,FRONTERA,OPEL FRONTERA
86,VOLKSWAGEN,GOLF GTI,VOLKSWAGEN GOLF GTI,VOLKSWAGEN GOLF GTI,VOLKSWAGEN,GOLF GTI,VOLKSWAGEN GOLF GTI
87,VOLKSWAGEN,GOLF GTI TCR,VOLKSWAGEN GOLF GTI TCR,VOLKSWAGEN GOLF GTI,VOLKSWAGEN,GOLF GTI,VOLKSWAGEN GOLF GTI
88,MITSUBISHI,ASX,MITSUBISHI ASX,MITSUBISHI ASX,MITSUBISHI,ASX,MITSUBISHI ASX
89,MITSUBISHI,ASX PHEV,MITSUBISHI ASX PHEV,MITSUBISHI ASX,MITSUBISHI,ASX,MITSUBISHI ASX
90,LYNK CO,01,LYNK CO 01,LYNK CO LYNK CO 01,LYNK CO,LYNK CO 01,LYNK CO LYNK CO 01
91,BYD,SEAL U,BYD SEAL U,BYD SEAL,BYD,SEAL,BYD SEAL
92,BYD,SEAL,BYD SEAL,BYD SEAL,BYD,SEAL,BYD SEAL
93,PORSCHE,MACAN,PORSCHE MACAN,PORSCHE MACAN,PORSCHE,MACAN,PORSCHE MACAN
94,SEAT,LEON EHYBRID,SEAT LEON EHYBRID,SEAT LEON,SEAT,LEON,SEAT LEON
95,SEAT,LEON,SEAT LEON,SEAT LEON,SEAT,LEON,SEAT LEON
96,ISUZU,D MAX,ISUZU D MAX,ISUZU D MAX,ISUZU,D MAX,ISUZU D MAX
97,AUDI,A3,AUDI A3,AUDI A3,AUDI,A3,AUDI A3
98,FIAT,DOBLO,FIAT DOBLO,FIAT DOBLO,FIAT,DOBLO,FIAT DOBLO
99,FIAT,DOBLO,FIAT DOBLO,FIAT DOBLO,FIAT,DOBLO,FIAT DOBLO
100,AUDI,Q6 E TRON,AUDI Q6 E TRON,AUDI E TRON,AUDI,E TRON,AUDI E TRON
101,AUDI,E TRON,AUDI E TRON,AUDI E TRON,AUDI,E TRON,AUDI E TRON
102,AUDI,E TRON S,AUDI E TRON S,AUDI E TRON,AUDI,E TRON,AUDI E TRON
103,VOLVO,XC40,VOLVO XC40,VOLVO XC40,VOLVO,XC40,VOLVO XC40
104,VOLVO,XC40 ELECTRICO,VOLVO XC40 ELECTRICO,VOLVO XC40,VOLVO,XC40,VOLVO XC40
105,VOLVO,XC40 PLUG IN HYBRID,VOLVO XC40 PLUG IN HYBRID,VOLVO XC40,VOLVO,XC40,VOLVO XC40
106,HYUNDAI,STARIA,HYUNDAI STARIA,HYUNDAI STARIA,HYUNDAI,STARIA,HYUNDAI STARIA
107,KIA,SPORTAGE,KIA SPORTAGE,KIA SPORTAGE,KIA,SPORTAGE,KIA SPORTAGE
108,KIA,SPORTAGE PHEV,KIA SPORTAGE PHEV,KIA SPORTAGE,KIA,SPORTAGE,KIA SPORTAGE
109,TESLA,MODEL 3,TESLA MODEL 3,TESLA MODEL 3,TESLA,MODEL 3,TESLA MODEL 3
110,PORSCHE,TAYCAN,PORSCHE TAYCAN,PORSCHE TAYCAN,PORSCHE,TAYCAN,PORSCHE TAYCAN
111,HYUNDAI,IONIQ 9,HYUNDAI IONIQ 9,HYUNDAI IONIQ,HYUNDAI,IONIQ,HYUNDAI IONIQ
112,HYUNDAI,IONIQ 5 N,HYUNDAI IONIQ 5 N,HYUNDAI IONIQ,HYUNDAI,IONIQ,HYUNDAI IONIQ
113,HYUNDAI,IONIQ,HYUNDAI IONIQ,HYUNDAI IONIQ,HYUNDAI,IONIQ,HYUNDAI IONIQ
114,KIA,SORENTO,KIA SORENTO,KIA SORENTO,KIA,SORENTO,KIA SORENTO
115,KIA,SORENTO PHEV,KIA SORENTO PHEV,KIA SORENTO,KIA,SORENTO,KIA SORENTO
116,ABARTH,500,ABARTH 500,ABARTH 500,ABARTH,500,ABARTH 500
117,SUZUKI,VITARA,SUZUKI VITARA,SUZUKI VITARA,SUZUKI,VITARA,SUZUKI VITARA
118,BMW,X6,BMW X6,BMW X6,BMW,X6,BMW X6
119,BMW,X6 M,BMW X6 M,BMW X6,BMW,X6,BMW X6
120,BMW,X6 X6 M,BMW X6 X6 M,BMW X6,BMW,X6,BMW X6
121,AUDI,A1 ESTANDAR,AUDI A1 ESTANDAR,AUDI A1,AUDI,A1,AUDI A1
122,AUDI,A1,AUDI A1,AUDI A1,AUDI,A1,AUDI A1
123,AUDI,A1 S1,AUDI A1 S1,AUDI A1,AUDI,A1,AUDI A1
124,NISSAN,ARIYA NISMO,NISSAN ARIYA NISMO,NISSAN ARIYA,NISSAN,ARIYA,NISSAN ARIYA
125,NISSAN,ARIYA,NISSAN ARIYA,NISSAN ARIYA,NISSAN,ARIYA,NISSAN ARIYA
126,PORSCHE,911 T,PORSCHE 911 T,PORSCHE 911 T,PORSCHE,911 T,PORSCHE 911 T
127,PORSCHE,911 ST,PORSCHE 911 ST,PORSCHE 911 T,PORSCHE,911 T,PORSCHE 911 T
128,SKODA,SUPERB,SKODA SUPERB,SKODA SUPERB,SKODA,SUPERB,SKODA SUPERB
129,MG,ZS,MG ZS,MG ZS,MG,ZS,MG ZS
130,MITSUBISHI,OUTLANDER,MITSUBISHI OUTLANDER,MITSUBISHI OUTLANDER,MITSUBISHI,OUTLANDER,MITSUBISHI OUTLANDER
131,CITROEN,C4,CITROEN C4,CITROEN C4,CITROEN,C4,CITROEN C4
132,CITROEN,C4 X,CITROEN C4 X,CITROEN C4,CITROEN,C4,CITROEN C4
133,CITROEN,C4 E,CITROEN C4 E,CITROEN C4,CITROEN,C4,CITROEN C4
134,PORSCHE,911 GT3,PORSCHE 911 GT3,PORSCHE 911 GT3,PORSCHE,911 GT3,PORSCHE 911 GT3
135,PORSCHE,911 GT3 RS,PORSCHE 911 GT3 RS,PORSCHE 911 GT3,PORSCHE,911 GT3,PORSCHE 911 GT3
136,JEEP,AVENGER,JEEP AVENGER,JEEP AVENGER,JEEP,AVENGER,JEEP AVENGER
137,AUDI,A6,AUDI A6,AUDI A6,AUDI,A6,AUDI A6
138,AUDI,A6 E,AUDI A6 E,AUDI A6,AUDI,A6,AUDI A6
139,AUDI,A6 ESTANDAR,AUDI A6 ESTANDAR,AUDI A6,AUDI,A6,AUDI A6
140,PEUGEOT,308,PEUGEOT 308,PEUGEOT 308,PEUGEOT,308,PEUGEOT 308
141,PEUGEOT,308 E,PEUGEOT 308 E,PEUGEOT 308,PEUGEOT,308,PEUGEOT 308
142,PEUGEOT,308 GTI,PEUGEOT 308 GTI,PEUGEOT 308,PEUGEOT,308,PEUGEOT 308
143,DACIA,DUSTER,DACIA DUSTER,DACIA DUSTER,DACIA,DUSTER,DACIA DUSTER
144,OPEL,MOKKA,OPEL MOKKA,OPEL MOKKA,OPEL,MOKKA,OPEL MOKKA
145,OPEL,MOKKA E,OPEL MOKKA E,OPEL MOKKA,OPEL,MOKKA,OPEL MOKKA
146,ROLLS ROYCE,GHOST,ROLLS ROYCE GHOST,ROLLS ROYCE GHOST,ROLLS ROYCE,GHOST,ROLLS ROYCE GHOST
147,VOLKSWAGEN,ARTEON,VOLKSWAGEN ARTEON,VOLKSWAGEN ARTEON,VOLKSWAGEN,ARTEON,VOLKSWAGEN ARTEON
148,BMW,SERIE 1,BMW SERIE 1,BMW SERIE 1,BMW,SERIE 1,BMW SERIE 1
149,BMW,SERIE 1 ESTANDAR,BMW SERIE 1 ESTANDAR,BMW SERIE 1,BMW,SERIE 1,BMW SERIE 1
150,BMW,SERIE 2,BMW SERIE 2,BMW SERIE,BMW,SERIE,BMW SERIE
151,BMW,SERIE 4 M4,BMW SERIE 4 M4,BMW SERIE,BMW,SERIE,BMW SERIE
152,BMW,SERIE 2 ESTANDAR,BMW SERIE 2 ESTANDAR,BMW SERIE,BMW,SERIE,BMW SERIE
153,BMW,SERIE 2 M2,BMW SERIE 2 M2,BMW SERIE,BMW,SERIE,BMW SERIE
154,BMW,SERIE 4,BMW SERIE 4,BMW SERIE,BMW,SERIE,BMW SERIE
155,BMW,SERIE 8 M8,BMW SERIE 8 M8,BMW SERIE,BMW,SERIE,BMW SERIE
156,BMW,SERIE 4 ESTANDAR,BMW SERIE 4 ESTANDAR,BMW SERIE,BMW,SERIE,BMW SERIE
157,BMW,SERIE 6,BMW SERIE 6,BMW SERIE,BMW,SERIE,BMW SERIE
158,BMW,SERIE 2 M2 CS,BMW SERIE 2 M2 CS,BMW SERIE,BMW,SERIE,BMW SERIE
159,BMW,SERIE 8,BMW SERIE 8,BMW SERIE,BMW,SERIE,BMW SERIE
160,BMW,SERIE 4 M4 CS,BMW SERIE 4 M4 CS,BMW SERIE,BMW,SERIE,BMW SERIE
161,BMW,SERIE 7 IPERFORMANCE,BMW SERIE 7 IPERFORMANCE,BMW SERIE,BMW,SERIE,BMW SERIE
162,BMW,SERIE 2 ACTIVE TOURER,BMW SERIE 2 ACTIVE TOURER,BMW SERIE,BMW,SERIE,BMW SERIE
163,BMW,SERIE 2 GRAN TOURER,BMW SERIE 2 GRAN TOURER,BMW SERIE,BMW,SERIE,BMW SERIE
164,BMW,SERIE 6 M6,BMW SERIE 6 M6,BMW SERIE,BMW,SERIE,BMW SERIE
165,VOLKSWAGEN,UP,VOLKSWAGEN UP,VOLKSWAGEN UP,VOLKSWAGEN,UP,VOLKSWAGEN UP
166,VOLKSWAGEN,UP,VOLKSWAGEN UP,VOLKSWAGEN UP,VOLKSWAGEN,UP,VOLKSWAGEN UP
167,VOLKSWAGEN,UP E UP,VOLKSWAGEN UP E UP,VOLKSWAGEN UP,VOLKSWAGEN,UP,VOLKSWAGEN UP
168,VOLKSWAGEN,UP E UP,VOLKSWAGEN UP E UP,VOLKSWAGEN UP,VOLKSWAGEN,UP,VOLKSWAGEN UP
169,KIA,CEE D,KIA CEE D,KIA CEE D,KIA,CEE D,KIA CEE D
170,KIA,CEE D,KIA CEE D,KIA CEE D,KIA,CEE D,KIA CEE D
171,KIA,CEE D,KIA CEE D,KIA CEE D,KIA,CEE D,KIA CEE D
172,KIA,CEE D,KIA CEE D,KIA CEE D,KIA,CEE D,KIA CEE D
173,KIA,CEE D PHEV,KIA CEE D PHEV,KIA CEE D,KIA,CEE D,KIA CEE D
174,KIA,CEE D PHEV,KIA CEE D PHEV,KIA CEE D,KIA,CEE D,KIA CEE D
175,KIA,CEE D PHEV,KIA CEE D PHEV,KIA CEE D,KIA,CEE D,KIA CEE D
176,KIA,CEE D PHEV,KIA CEE D PHEV,KIA CEE D,KIA,CEE D,KIA CEE D
177,KIA,CEE D GT,KIA CEE D GT,KIA CEE D,KIA,CEE D,KIA CEE D
178,KIA,CEE D GT,KIA CEE D GT,KIA CEE D,KIA,CEE D,KIA CEE D
179,KIA,CEE D GT,KIA CEE D GT,KIA CEE D,KIA,CEE D,KIA CEE D
180,KIA,CEE D GT,KIA CEE D GT,KIA CEE D,KIA,CEE D,KIA CEE D
181,LANCIA,YPSILON,LANCIA YPSILON,LANCIA YPSILON,LANCIA,YPSILON,LANCIA YPSILON
182,VOLKSWAGEN,PASSAT,VOLKSWAGEN PASSAT,VOLKSWAGEN PASSAT,VOLKSWAGEN,PASSAT,VOLKSWAGEN PASSAT
183,VOLKSWAGEN,PASSAT GTE,VOLKSWAGEN PASSAT GTE,VOLKSWAGEN PASSAT,VOLKSWAGEN,PASSAT,VOLKSWAGEN PASSAT
184,VOLKSWAGEN,PASSAT R LINE,VOLKSWAGEN PASSAT R LINE,VOLKSWAGEN PASSAT,VOLKSWAGEN,PASSAT,VOLKSWAGEN PASSAT
185,JEEP,COMPASS,JEEP COMPASS,JEEP COMPASS,JEEP,COMPASS,JEEP COMPASS
186,JEEP,COMPASS 4XE,JEEP COMPASS 4XE,JEEP COMPASS,JEEP,COMPASS,JEEP COMPASS
187,TOYOTA,BZ4X,TOYOTA BZ4X,TOYOTA BZ4X,TOYOTA,BZ4X,TOYOTA BZ4X
188,FORD,TOURNEO CONNECT,FORD TOURNEO CONNECT,FORD TOURNEO CONNECT,FORD,TOURNEO CONNECT,FORD TOURNEO CONNECT
189,FORD,TOURNEO CONNECT,FORD TOURNEO CONNECT,FORD TOURNEO CONNECT,FORD,TOURNEO CONNECT,FORD TOURNEO CONNECT
190,BMW,I5,BMW I5,BMW I5 M60 XDRIVE,BMW,I5 M60 XDRIVE,BMW I5 M60 XDRIVE
191,POLESTAR,2,POLESTAR 2,POLESTAR 2,POLESTAR,2,POLESTAR 2
192,HONDA,JAZZ,HONDA JAZZ,HONDA JAZZ,HONDA,JAZZ,HONDA JAZZ
193,HONDA,JAZZ ES GRAPHITE,HONDA JAZZ ES GRAPHITE,HONDA JAZZ,HONDA,JAZZ,HONDA JAZZ
194,HONDA,CIVIC,HONDA CIVIC,HONDA CIVIC,HONDA,CIVIC,HONDA CIVIC
195,HONDA,CIVIC TYPE R GT,HONDA CIVIC TYPE R GT,HONDA CIVIC,HONDA,CIVIC,HONDA CIVIC
196,HONDA,CIVIC IMA,HONDA CIVIC IMA,HONDA CIVIC,HONDA,CIVIC,HONDA CIVIC
197,HONDA,CIVIC TYPE S,HONDA CIVIC TYPE S,HONDA CIVIC,HONDA,CIVIC,HONDA CIVIC
198,DACIA,SANDERO,DACIA SANDERO,DACIA SANDERO,DACIA,SANDERO,DACIA SANDERO
199,HONDA,HR V,HONDA HR V,HONDA HR V,HONDA,HR V,HONDA HR V
200,HONDA,HR V,HONDA HR V,HONDA HR V,HONDA,HR V,HONDA HR V
201,HYUNDAI,I20,HYUNDAI I20,HYUNDAI I20,HYUNDAI,I20,HYUNDAI I20
202,HYUNDAI,TUCSON,HYUNDAI TUCSON,HYUNDAI TUCSON,HYUNDAI,TUCSON,HYUNDAI TUCSON
203,HYUNDAI,TUCSON PHEV,HYUNDAI TUCSON PHEV,HYUNDAI TUCSON,HYUNDAI,TUCSON,HYUNDAI TUCSON
204,TOYOTA,PROACE,TOYOTA PROACE,TOYOTA PROACE,TOYOTA,PROACE,TOYOTA PROACE
205,HYUNDAI,BAYON,HYUNDAI BAYON,HYUNDAI BAYON,HYUNDAI,BAYON,HYUNDAI BAYON
206,FORD,RANGER PHEV,FORD RANGER PHEV,FORD RANGER,FORD,RANGER,FORD RANGER
207,FORD,RANGER RAPTOR,FORD RANGER RAPTOR,FORD RANGER,FORD,RANGER,FORD RANGER
208,FORD,RANGER,FORD RANGER,FORD RANGER,FORD,RANGER,FORD RANGER
209,VOLVO,XC90,VOLVO XC90,VOLVO XC90,VOLVO,XC90,VOLVO XC90
210,VOLVO,XC90 SPORT,VOLVO XC90 SPORT,VOLVO XC90,VOLVO,XC90,VOLVO XC90
211,MG,HS,MG HS,MG HS,MG,HS,MG HS
212,HYUNDAI,I30,HYUNDAI I30,HYUNDAI I30,HYUNDAI,I30,HYUNDAI I30
213,FORD,FOCUS,FORD FOCUS,FORD FOCUS,FORD,FOCUS,FORD FOCUS
214,FORD,FOCUS ST,FORD FOCUS ST,FORD FOCUS,FORD,FOCUS,FORD FOCUS
215,FORD,FOCUS RS,FORD FOCUS RS,FORD FOCUS,FORD,FOCUS,FORD FOCUS
216,FORD,FOCUS ECONETIC,FORD FOCUS ECONETIC,FORD FOCUS,FORD,FOCUS,FORD FOCUS
217,FORD,FOCUS X ROAD TREND,FORD FOCUS X ROAD TREND,FORD FOCUS,FORD,FOCUS,FORD FOCUS
218,FORD,FOCUS ST WRC,FORD FOCUS ST WRC,FORD FOCUS,FORD,FOCUS,FORD FOCUS
219,VOLKSWAGEN,GOLF,VOLKSWAGEN GOLF,VOLKSWAGEN GOLF,VOLKSWAGEN,GOLF,VOLKSWAGEN GOLF
220,VOLKSWAGEN,GOLF R,VOLKSWAGEN GOLF R,VOLKSWAGEN GOLF,VOLKSWAGEN,GOLF,VOLKSWAGEN GOLF
221,VOLKSWAGEN,GOLF E GOLF,VOLKSWAGEN GOLF E GOLF,VOLKSWAGEN GOLF,VOLKSWAGEN,GOLF,VOLKSWAGEN GOLF
222,VOLKSWAGEN,GOLF SPORT,VOLKSWAGEN GOLF SPORT,VOLKSWAGEN GOLF,VOLKSWAGEN,GOLF,VOLKSWAGEN GOLF
223,VOLKSWAGEN,GOLF R32,VOLKSWAGEN GOLF R32,VOLKSWAGEN GOLF,VOLKSWAGEN,GOLF,VOLKSWAGEN GOLF
224,VOLKSWAGEN,TIGUAN,VOLKSWAGEN TIGUAN,VOLKSWAGEN TIGUAN,VOLKSWAGEN,TIGUAN,VOLKSWAGEN TIGUAN
225,VOLKSWAGEN,TIGUAN EHYBRID,VOLKSWAGEN TIGUAN EHYBRID,VOLKSWAGEN TIGUAN,VOLKSWAGEN,TIGUAN,VOLKSWAGEN TIGUAN
226,VOLKSWAGEN,TIGUAN R,VOLKSWAGEN TIGUAN R,VOLKSWAGEN TIGUAN,VOLKSWAGEN,TIGUAN,VOLKSWAGEN TIGUAN
227,VOLKSWAGEN,TIGUAN R LINE,VOLKSWAGEN TIGUAN R LINE,VOLKSWAGEN TIGUAN,VOLKSWAGEN,TIGUAN,VOLKSWAGEN TIGUAN
228,HONDA,ZR V,HONDA ZR V,HONDA ZR V,HONDA,ZR V,HONDA ZR V
229,PORSCHE,CAYENNE,PORSCHE CAYENNE,PORSCHE CAYENNE,PORSCHE,CAYENNE,PORSCHE CAYENNE
230,AUDI,A3 RS 3,AUDI A3 RS 3,AUDI A3 S3,AUDI,A3 S3,AUDI A3 S3
231,AUDI,A3 S3,AUDI A3 S3,AUDI A3 S3,AUDI,A3 S3,AUDI A3 S3
232,BMW,XM,BMW XM,BMW XM,BMW,XM,BMW XM
233,MASERATI,GRECALE FOLGORE,MASERATI GRECALE FOLGORE,MASERATI GRECALE GT,MASERATI,GRECALE GT,MASERATI GRECALE GT
234,MASERATI,GRECALE,MASERATI GRECALE,MASERATI GRECALE GT,MASERATI,GRECALE GT,MASERATI GRECALE GT
235,SSANGYONG,REXTON,SSANGYONG REXTON,SSANGYONG REXTON,SSANGYONG,REXTON,SSANGYONG REXTON
236,SSANGYONG,REXTON II,SSANGYONG REXTON II,SSANGYONG REXTON,SSANGYONG,REXTON,SSANGYONG REXTON
237,SKODA,KAMIQ,SKODA KAMIQ,SKODA KAMIQ,SKODA,KAMIQ,SKODA KAMIQ
238,SKODA,KAMIQ SCOUT,SKODA KAMIQ SCOUT,SKODA KAMIQ,SKODA,KAMIQ,SKODA KAMIQ
239,BMW,SERIE 5,BMW SERIE 5,BMW SERIE 5,BMW,SERIE 5,BMW SERIE 5
240,BMW,SERIE 5 M5,BMW SERIE 5 M5,BMW SERIE 5,BMW,SERIE 5,BMW SERIE 5
241,BMW,SERIE 5 PHEV,BMW SERIE 5 PHEV,BMW SERIE 5,BMW,SERIE 5,BMW SERIE 5
242,BMW,SERIE 5 E,BMW SERIE 5 E,BMW SERIE 5,BMW,SERIE 5,BMW SERIE 5
243,SSANGYONG,MUSSO,SSANGYONG MUSSO,SSANGYONG MUSSO,SSANGYONG,MUSSO,SSANGYONG MUSSO
244,SSANGYONG,TIVOLI,SSANGYONG TIVOLI,SSANGYONG TIVOLI,SSANGYONG,TIVOLI,SSANGYONG TIVOLI
245,MITSUBISHI,COLT,MITSUBISHI COLT,MITSUBISHI COLT,MITSUBISHI,COLT,MITSUBISHI COLT
246,PEUGEOT,2008,PEUGEOT 2008,PEUGEOT 2008,PEUGEOT,2008,PEUGEOT 2008
247,PEUGEOT,2008 E,PEUGEOT 2008 E,PEUGEOT 2008,PEUGEOT,2008,PEUGEOT 2008
248,ALFA ROMEO,GIULIA,ALFA ROMEO GIULIA,ALFA ROMEO GIULIA,ALFA ROMEO,GIULIA,ALFA ROMEO GIULIA
249,ALFA ROMEO,GIULIA SWB ZAGATO,ALFA ROMEO GIULIA SWB ZAGATO,ALFA ROMEO GIULIA,ALFA ROMEO,GIULIA,ALFA ROMEO GIULIA
250,ALFA ROMEO,GIULIA GTA,ALFA ROMEO GIULIA GTA,ALFA ROMEO GIULIA,ALFA ROMEO,GIULIA,ALFA ROMEO GIULIA
251,KIA,PICANTO,KIA PICANTO,KIA PICANTO,KIA,PICANTO,KIA PICANTO
252,VOLKSWAGEN,TOUAREG,VOLKSWAGEN TOUAREG,VOLKSWAGEN TOUAREG,VOLKSWAGEN,TOUAREG,VOLKSWAGEN TOUAREG
253,VOLKSWAGEN,ID BUZZ,VOLKSWAGEN ID BUZZ,VOLKSWAGEN ID BUZZ CARGO 150 KW,VOLKSWAGEN,ID BUZZ CARGO 150 KW,VOLKSWAGEN ID BUZZ CARGO 150 KW
254,DACIA,SPRING,DACIA SPRING,DACIA SPRING,DACIA,SPRING,DACIA SPRING
255,OPEL,ASTRA ELECTRIC,OPEL ASTRA ELECTRIC,OPEL ASTRA 5P ELECTRIC GS 5,OPEL,ASTRA 5P ELECTRIC GS 5,OPEL ASTRA 5P ELECTRIC GS 5
256,ALFA ROMEO,STELVIO,ALFA ROMEO STELVIO,ALFA ROMEO STELVIO,ALFA ROMEO,STELVIO,ALFA ROMEO STELVIO
257,BMW,X1,BMW X1,BMW X1,BMW,X1,BMW X1
258,BMW,X1 E,BMW X1 E,BMW X1,BMW,X1,BMW X1
259,FORD,KUGA,FORD KUGA,FORD KUGA,FORD,KUGA,FORD KUGA
260,FORD,KUGA PHEV,FORD KUGA PHEV,FORD KUGA,FORD,KUGA,FORD KUGA
261,SSANGYONG,KORANDO,SSANGYONG KORANDO,SSANGYONG KORANDO,SSANGYONG,KORANDO,SSANGYONG KORANDO
262,SSANGYONG,KORANDO ELECTRICO,SSANGYONG KORANDO ELECTRICO,SSANGYONG KORANDO,SSANGYONG,KORANDO,SSANGYONG KORANDO
263,PORSCHE,PANAMERA,PORSCHE PANAMERA,PORSCHE PANAMERA,PORSCHE,PANAMERA,PORSCHE PANAMERA
264,SUBARU,BRZ,SUBARU BRZ,SUBARU BRZ,SUBARU,BRZ,SUBARU BRZ
265,FORD,MUSTANG GTD,FORD MUSTANG GTD,FORD MUSTANG,FORD,MUSTANG,FORD MUSTANG
266,FORD,MUSTANG,FORD MUSTANG,FORD MUSTANG,FORD,MUSTANG,FORD MUSTANG
267,FORD,MUSTANG RALLY,FORD MUSTANG RALLY,FORD MUSTANG,FORD,MUSTANG,FORD MUSTANG
268,FORD,MUSTANG BULLITT,FORD MUSTANG BULLITT,FORD MUSTANG,FORD,MUSTANG,FORD MUSTANG
269,FORD,MUSTANG SHELBY,FORD MUSTANG SHELBY,FORD MUSTANG,FORD,MUSTANG,FORD MUSTANG
270,BMW,X2,BMW X2,BMW X2 SDRIVE18D,BMW,X2 SDRIVE18D,BMW X2 SDRIVE18D
271,BENTLEY,CONTINENTAL GT,BENTLEY CONTINENTAL GT,BENTLEY CONTINENTAL GT,BENTLEY,CONTINENTAL GT,BENTLEY CONTINENTAL GT
272,RENAULT,SCENIC,RENAULT SCENIC,RENAULT SCENIC,RENAULT,SCENIC,RENAULT SCENIC
273,RENAULT,SCENIC ADVENTURE,RENAULT SCENIC ADVENTURE,RENAULT SCENIC,RENAULT,SCENIC,RENAULT SCENIC
274,CUPRA,BORN,CUPRA BORN,CUPRA BORN,CUPRA,BORN,CUPRA BORN
275,AUDI,Q8 RS,AUDI Q8 RS,AUDI Q8,AUDI,Q8,AUDI Q8
276,AUDI,Q8,AUDI Q8,AUDI Q8,AUDI,Q8,AUDI Q8
277,AUDI,Q8 TFSIE,AUDI Q8 TFSIE,AUDI Q8,AUDI,Q8,AUDI Q8
278,JEEP,WRANGLER,JEEP WRANGLER,JEEP WRANGLER,JEEP,WRANGLER,JEEP WRANGLER
279,JEEP,WRANGLER PHEV,JEEP WRANGLER PHEV,JEEP WRANGLER,JEEP,WRANGLER,JEEP WRANGLER
280,AUDI,E TRON GT,AUDI E TRON GT,AUDI E TRON GT,AUDI,E TRON GT,AUDI E TRON GT
281,VOLKSWAGEN,T CROSS,VOLKSWAGEN T CROSS,VOLKSWAGEN T CROSS,VOLKSWAGEN,T CROSS,VOLKSWAGEN T CROSS
282,TOYOTA,YARIS CROSS,TOYOTA YARIS CROSS,TOYOTA YARIS CROSS,TOYOTA,YARIS CROSS,TOYOTA YARIS CROSS
283,FORD,TOURNEO CUSTOM,FORD TOURNEO CUSTOM,FORD TOURNEO CUSTOM,FORD,TOURNEO CUSTOM,FORD TOURNEO CUSTOM
284,FORD,TOURNEO CUSTOM PHEV,FORD TOURNEO CUSTOM PHEV,FORD TOURNEO CUSTOM,FORD,TOURNEO CUSTOM,FORD TOURNEO CUSTOM
285,FORD,TOURNEO CUSTOM ACTIVE,FORD TOURNEO CUSTOM ACTIVE,FORD TOURNEO CUSTOM,FORD,TOURNEO CUSTOM,FORD TOURNEO CUSTOM
286,CUPRA,LEON,CUPRA LEON,CUPRA LEON,CUPRA,LEON,CUPRA LEON
287,BMW,I4,BMW I4,BMW I4 EDRIVE40,BMW,I4 EDRIVE40,BMW I4 EDRIVE40
288,RANGE ROVER,SPORT,RANGE ROVER SPORT,LAND ROVER RANGE ROVER SPORT,LAND ROVER,RANGE ROVER SPORT,LAND ROVER RANGE ROVER SPORT
289,RANGE ROVER,SPORT,RANGE ROVER SPORT,LAND ROVER RANGE ROVER SPORT,LAND ROVER,RANGE ROVER SPORT,LAND ROVER RANGE ROVER SPORT
290,RANGE ROVER,SPORT SV,RANGE ROVER SPORT SV,LAND ROVER RANGE ROVER SPORT,LAND ROVER,RANGE ROVER SPORT,LAND ROVER RANGE ROVER SPORT
291,RANGE ROVER,SPORT SV,RANGE ROVER SPORT SV,LAND ROVER RANGE ROVER SPORT,LAND ROVER,RANGE ROVER SPORT,LAND ROVER RANGE ROVER SPORT
292,LAND ROVER,RANGE ROVER SPORT,LAND ROVER RANGE ROVER SPORT,LAND ROVER RANGE ROVER SPORT,LAND ROVER,RANGE ROVER SPORT,LAND ROVER RANGE ROVER SPORT
293,LAND ROVER,RANGE ROVER SPORT,LAND ROVER RANGE ROVER SPORT,LAND ROVER RANGE ROVER SPORT,LAND ROVER,RANGE ROVER SPORT,LAND ROVER RANGE ROVER SPORT
294,LAND ROVER,RANGE ROVER SPORT PHEV,LAND ROVER RANGE ROVER SPORT PHEV,LAND ROVER RANGE ROVER SPORT,LAND ROVER,RANGE ROVER SPORT,LAND ROVER RANGE ROVER SPORT
295,LAND ROVER,RANGE ROVER SPORT PHEV,LAND ROVER RANGE ROVER SPORT PHEV,LAND ROVER RANGE ROVER SPORT,LAND ROVER,RANGE ROVER SPORT,LAND ROVER RANGE ROVER SPORT
296,CUPRA,TAVASCAN,CUPRA TAVASCAN,CUPRA TAVASCAN,CUPRA,TAVASCAN,CUPRA TAVASCAN
297,MERCEDES,VITO,MERCEDES VITO,MERCEDES BENZ VITO,MERCEDES BENZ,VITO,MERCEDES BENZ VITO
298,RENAULT,CAPTUR,RENAULT CAPTUR,RENAULT CAPTUR,RENAULT,CAPTUR,RENAULT CAPTUR
299,MINI,MINI COUNTRYMAN,MINI MINI COUNTRYMAN,MINI COUNTRYMAN COOPER SE A,MINI,COUNTRYMAN COOPER SE A,MINI COUNTRYMAN COOPER SE A
300,MINI,MINI COOPER SE,MINI MINI COOPER SE,MINI COUNTRYMAN COOPER SE A,MINI,COUNTRYMAN COOPER SE A,MINI COUNTRYMAN COOPER SE A
301,MINI,MINI COUNTRYMAN JOHN COOPER WORKS,MINI MINI COUNTRYMAN JOHN COOPER WORKS,MINI COOPER,MINI,COOPER,MINI COOPER
302,MERCEDES,CLS AMG,MERCEDES CLS AMG,MERCEDES BENZ CLS 320 CDI,MERCEDES BENZ,CLS 320 CDI,MERCEDES BENZ CLS 320 CDI
303,SUBARU,CROSSTREK,SUBARU CROSSTREK,SUBARU CROSSTREK,SUBARU,CROSSTREK,SUBARU CROSSTREK
304,NISSAN,JUKE,NISSAN JUKE,NISSAN JUKE,NISSAN,JUKE,NISSAN JUKE
305,NISSAN,JUKE HYBRID,NISSAN JUKE HYBRID,NISSAN JUKE,NISSAN,JUKE,NISSAN JUKE
306,NISSAN,JUKE NISMO,NISSAN JUKE NISMO,NISSAN JUKE,NISSAN,JUKE,NISSAN JUKE
307,NISSAN,JUKE R,NISSAN JUKE R,NISSAN JUKE,NISSAN,JUKE,NISSAN JUKE
308,MAZDA,MX 30 R EV,MAZDA MX 30 R EV,MAZDA MX 30,MAZDA,MX 30,MAZDA MX 30
309,MAZDA,MX 30,MAZDA MX 30,MAZDA MX 30,MAZDA,MX 30,MAZDA MX 30
310,MERCEDES,CLASE E,MERCEDES CLASE E,MERCEDES BENZ CLASE B,MERCEDES BENZ,CLASE B,MERCEDES BENZ CLASE B
311,MERCEDES,CLASE G,MERCEDES CLASE G,MERCEDES BENZ CLASE B,MERCEDES BENZ,CLASE B,MERCEDES BENZ CLASE B
312,MERCEDES,CLASE S,MERCEDES CLASE S,MERCEDES BENZ CLASE B,MERCEDES BENZ,CLASE B,MERCEDES BENZ CLASE B
313,MERCEDES,CLASE B,MERCEDES CLASE B,MERCEDES BENZ CLASE B,MERCEDES BENZ,CLASE B,MERCEDES BENZ CLASE B
314,MERCEDES,CLASE E E,MERCEDES CLASE E E,MERCEDES BENZ CLASE B,MERCEDES BENZ,CLASE B,MERCEDES BENZ CLASE B
315,MERCEDES,CLASE X,MERCEDES CLASE X,MERCEDES BENZ CLASE B,MERCEDES BENZ,CLASE B,MERCEDES BENZ CLASE B
316,MERCEDES,CLASE R,MERCEDES CLASE R,MERCEDES BENZ CLASE B,MERCEDES BENZ,CLASE B,MERCEDES BENZ CLASE B
317,MERCEDES,CLASE M,MERCEDES CLASE M,MERCEDES BENZ CLASE B,MERCEDES BENZ,CLASE B,MERCEDES BENZ CLASE B
318,SEAT,ATECA,SEAT ATECA,SEAT ATECA,SEAT,ATECA,SEAT ATECA
319,SKODA,OCTAVIA,SKODA OCTAVIA,SKODA OCTAVIA,SKODA,OCTAVIA,SKODA OCTAVIA
320,SKODA,OCTAVIA IV,SKODA OCTAVIA IV,SKODA OCTAVIA,SKODA,OCTAVIA,SKODA OCTAVIA
321,VOLVO,EX30,VOLVO EX30,VOLVO EX30,VOLVO,EX30,VOLVO EX30
322,OPEL,CORSA,OPEL CORSA,OPEL CORSA,OPEL,CORSA,OPEL CORSA
323,OPEL,CORSA GSI,OPEL CORSA GSI,OPEL CORSA,OPEL,CORSA,OPEL CORSA
324,OPEL,CORSA OPC,OPEL CORSA OPC,OPEL CORSA,OPEL,CORSA,OPEL CORSA
325,SUZUKI,SWIFT,SUZUKI SWIFT,SUZUKI SWIFT,SUZUKI,SWIFT,SUZUKI SWIFT
326,PEUGEOT,208,PEUGEOT 208,PEUGEOT 208,PEUGEOT,208,PEUGEOT 208
327,FIAT,ULYSSE,FIAT ULYSSE,FIAT ULYSSE,FIAT,ULYSSE,FIAT ULYSSE
328,FIAT,ULYSSE E,FIAT ULYSSE E,FIAT ULYSSE,FIAT,ULYSSE,FIAT ULYSSE
329,RENAULT,AUSTRAL,RENAULT AUSTRAL,RENAULT AUSTRAL,RENAULT,AUSTRAL,RENAULT AUSTRAL
330,HYUNDAI,KONA ELECTRIC,HYUNDAI KONA ELECTRIC,HYUNDAI KONA,HYUNDAI,KONA,HYUNDAI KONA
331,HYUNDAI,KONA,HYUNDAI KONA,HYUNDAI KONA,HYUNDAI,KONA,HYUNDAI KONA
332,HYUNDAI,KONA N,HYUNDAI KONA N,HYUNDAI KONA,HYUNDAI,KONA,HYUNDAI KONA
333,HYUNDAI,KONA HIBRIDO,HYUNDAI KONA HIBRIDO,HYUNDAI KONA,HYUNDAI,KONA,HYUNDAI KONA
334,HYUNDAI,KONA ELECTRICO,HYUNDAI KONA ELECTRICO,HYUNDAI KONA,HYUNDAI,KONA,HYUNDAI KONA
335,VOLVO,C40,VOLVO C40,VOLVO C40,VOLVO,C40,VOLVO C40
336,KIA,EV9,KIA EV9,KIA EV9,KIA,EV9,KIA EV9
337,CITROEN,SPACETOURER,CITROEN SPACETOURER,CITROEN C4 SPACETOURER,CITROEN,C4 SPACETOURER,CITROEN C4 SPACETOURER
338,CITROEN,C4 SPACETOURER,CITROEN C4 SPACETOURER,CITROEN C4 SPACETOURER,CITROEN,C4 SPACETOURER,CITROEN C4 SPACETOURER
339,BYD,DOLPHIN,BYD DOLPHIN,BYD DOLPHIN,BYD,DOLPHIN,BYD DOLPHIN
340,PORSCHE,TAYCAN TURBO GT,PORSCHE TAYCAN TURBO GT,PORSCHE TAYCAN TURBO S,PORSCHE,TAYCAN TURBO S,PORSCHE TAYCAN TURBO S
341,FORD,TOURNEO COURIER,FORD TOURNEO COURIER,FORD TOURNEO COURIER,FORD,TOURNEO COURIER,FORD TOURNEO COURIER
342,TOYOTA,PROACE CITY,TOYOTA PROACE CITY,TOYOTA PROACE CITY,TOYOTA,PROACE CITY,TOYOTA PROACE CITY
343,OPEL,COMBO,OPEL COMBO,OPEL COMBO,OPEL,COMBO,OPEL COMBO
344,OPEL,ASTRA,OPEL ASTRA,OPEL ASTRA,OPEL,ASTRA,OPEL ASTRA
345,OPEL,ASTRA,OPEL ASTRA,OPEL ASTRA,OPEL,ASTRA,OPEL ASTRA
346,OPEL,ASTRA,OPEL ASTRA,OPEL ASTRA,OPEL,ASTRA,OPEL ASTRA
347,OPEL,ASTRA,OPEL ASTRA,OPEL ASTRA,OPEL,ASTRA,OPEL ASTRA
348,OPEL,ASTRA GSE,OPEL ASTRA GSE,OPEL ASTRA,OPEL,ASTRA,OPEL ASTRA
349,OPEL,ASTRA GSE,OPEL ASTRA GSE,OPEL ASTRA,OPEL,ASTRA,OPEL ASTRA
350,OPEL,ASTRA GSE,OPEL ASTRA GSE,OPEL ASTRA,OPEL,ASTRA,OPEL ASTRA
351,OPEL,ASTRA GSE,OPEL ASTRA GSE,OPEL ASTRA,OPEL,ASTRA,OPEL ASTRA
352,OPEL,ASTRA OPC,OPEL ASTRA OPC,OPEL ASTRA,OPEL,ASTRA,OPEL ASTRA
353,OPEL,ASTRA OPC,OPEL ASTRA OPC,OPEL ASTRA,OPEL,ASTRA,OPEL ASTRA
354,OPEL,ASTRA OPC,OPEL ASTRA OPC,OPEL ASTRA,OPEL,ASTRA,OPEL ASTRA
355,OPEL,ASTRA OPC,OPEL ASTRA OPC,OPEL ASTRA,OPEL,ASTRA,OPEL ASTRA
356,MERCEDES,CLASE A,MERCEDES CLASE A,MERCEDES BENZ CLASE A,MERCEDES BENZ,CLASE A,MERCEDES BENZ CLASE A
357,MERCEDES,CLASE A E,MERCEDES CLASE A E,MERCEDES BENZ CLASE A,MERCEDES BENZ,CLASE A,MERCEDES BENZ CLASE A
358,MG,MARVEL R,MG MARVEL R,MG MARVEL R ELECTRIC,MG,MARVEL R ELECTRIC,MG MARVEL R ELECTRIC
359,CITROEN,BERLINGO ELECTRICO,CITROEN BERLINGO ELECTRICO,CITROEN BERLINGO,CITROEN,BERLINGO,CITROEN BERLINGO
360,CITROEN,BERLINGO E,CITROEN BERLINGO E,CITROEN BERLINGO,CITROEN,BERLINGO,CITROEN BERLINGO
361,CITROEN,BERLINGO,CITROEN BERLINGO,CITROEN BERLINGO,CITROEN,BERLINGO,CITROEN BERLINGO
362,SKODA,SCALA,SKODA SCALA,SKODA SCALA,SKODA,SCALA,SKODA SCALA
363,KIA,NIRO ELECTRICO,KIA NIRO ELECTRICO,KIA NIRO,KIA,NIRO,KIA NIRO
364,KIA,NIRO,KIA NIRO,KIA NIRO,KIA,NIRO,KIA NIRO
365,KIA,NIRO PHEV,KIA NIRO PHEV,KIA NIRO,KIA,NIRO,KIA NIRO
366,KIA,NIRO E NIRO,KIA NIRO E NIRO,KIA NIRO,KIA,NIRO,KIA NIRO
367,TOYOTA,LAND CRUISER,TOYOTA LAND CRUISER,TOYOTA LAND CRUISER,TOYOTA,LAND CRUISER,TOYOTA LAND CRUISER
368,TOYOTA,LAND CRUISER,TOYOTA LAND CRUISER,TOYOTA LAND CRUISER,TOYOTA,LAND CRUISER,TOYOTA LAND CRUISER
369,TOYOTA,LAND CRUISER KX,TOYOTA LAND CRUISER KX,TOYOTA LAND CRUISER,TOYOTA,LAND CRUISER,TOYOTA LAND CRUISER
370,TOYOTA,LAND CRUISER KX,TOYOTA LAND CRUISER KX,TOYOTA LAND CRUISER,TOYOTA,LAND CRUISER,TOYOTA LAND CRUISER
371,FORD,BRONCO,FORD BRONCO,FORD BRONCO SPORT,FORD,BRONCO SPORT,FORD BRONCO SPORT
372,MAZDA,CX 3,MAZDA CX 3,MAZDA CX 3,MAZDA,CX 3,MAZDA CX 3
373,SUBARU,SOLTERRA,SUBARU SOLTERRA,SUBARU SOLTERRA,SUBARU,SOLTERRA,SUBARU SOLTERRA
374,TOYOTA,COROLLA CROSS,TOYOTA COROLLA CROSS,TOYOTA COROLLA,TOYOTA,COROLLA,TOYOTA COROLLA
375,TOYOTA,COROLLA,TOYOTA COROLLA,TOYOTA COROLLA,TOYOTA,COROLLA,TOYOTA COROLLA
376,TOYOTA,COROLLA GR,TOYOTA COROLLA GR,TOYOTA COROLLA,TOYOTA,COROLLA,TOYOTA COROLLA
377,SMART,1,SMART 1,SMART 1,SMART,1,SMART 1
378,SSANGYONG,TORRES,SSANGYONG TORRES,SSANGYONG TORRES,SSANGYONG,TORRES,SSANGYONG TORRES
379,PEUGEOT,206,PEUGEOT 206,PEUGEOT 206,PEUGEOT,206,PEUGEOT 206
380,PEUGEOT,206,PEUGEOT 206,PEUGEOT 206,PEUGEOT,206,PEUGEOT 206
381,PEUGEOT,206,PEUGEOT 206,PEUGEOT 206,PEUGEOT,206,PEUGEOT 206
382,PEUGEOT,206,PEUGEOT 206,PEUGEOT 206,PEUGEOT,206,PEUGEOT 206
383,FIAT,600 E,FIAT 600 E,FIAT 600,FIAT,600,FIAT 600
384,FIAT,600,FIAT 600,FIAT 600,FIAT,600,FIAT 600
385,PEUGEOT,RIFTER,PEUGEOT RIFTER,PEUGEOT RIFTER,PEUGEOT,RIFTER,PEUGEOT RIFTER
386,PEUGEOT,RIFTER E,PEUGEOT RIFTER E,PEUGEOT RIFTER,PEUGEOT,RIFTER,PEUGEOT RIFTER
387,CUPRA,ATECA,CUPRA ATECA,CUPRA ATECA,CUPRA,ATECA,CUPRA ATECA
388,INEOS,GRENADIER,INEOS GRENADIER,INEOS GRENADIER,INEOS,GRENADIER,INEOS GRENADIER
389,INEOS,GRENADIER QUARTERMASTER,INEOS GRENADIER QUARTERMASTER,INEOS GRENADIER,INEOS,GRENADIER,INEOS GRENADIER
390,HYUNDAI,I10,HYUNDAI I10,HYUNDAI I10,HYUNDAI,I10,HYUNDAI I10
391,ALPINE,A110,ALPINE A110,ALPINE A110,ALPINE,A110,ALPINE A110
392,RENAULT,KANGOO,RENAULT KANGOO,RENAULT KANGOO,RENAULT,KANGOO,RENAULT KANGOO
393,RENAULT,KANGOO BE BOP,RENAULT KANGOO BE BOP,RENAULT KANGOO,RENAULT,KANGOO,RENAULT KANGOO
394,VOLVO,XC60 RECHARGE,VOLVO XC60 RECHARGE,VOLVO XC60,VOLVO,XC60,VOLVO XC60
395,VOLVO,XC60,VOLVO XC60,VOLVO XC60,VOLVO,XC60,VOLVO XC60
396,RENAULT,ESPACE,RENAULT ESPACE,RENAULT ESPACE,RENAULT,ESPACE,RENAULT ESPACE
397,RENAULT,MEGANE,RENAULT MEGANE,RENAULT MEGANE,RENAULT,MEGANE,RENAULT MEGANE
398,RENAULT,MEGANE RS,RENAULT MEGANE RS,RENAULT MEGANE,RENAULT,MEGANE,RENAULT MEGANE
399,RENAULT,MEGANE RS TROPHY R,RENAULT MEGANE RS TROPHY R,RENAULT MEGANE,RENAULT,MEGANE,RENAULT MEGANE
400,RENAULT,MEGANE RS TROPHY,RENAULT MEGANE RS TROPHY,RENAULT MEGANE,RENAULT,MEGANE,RENAULT MEGANE
401,RENAULT,MEGANE RENAULT SPORT R26 R RADICALE,RENAULT MEGANE RENAULT SPORT R26 R RADICALE,RENAULT MEGANE,RENAULT,MEGANE,RENAULT MEGANE
402,RANGE ROVER,RANGE ROVER ELECTRICO,RANGE ROVER RANGE ROVER ELECTRICO,ROVER RANGE,ROVER,RANGE,ROVER RANGE
403,RANGE ROVER,RANGE ROVER ESTANDAR,RANGE ROVER RANGE ROVER ESTANDAR,ROVER RANGE,ROVER,RANGE,ROVER RANGE
404,SKODA,KAROQ,SKODA KAROQ,SKODA KAROQ,SKODA,KAROQ,SKODA KAROQ
405,SKODA,KAROQ SCOUT,SKODA KAROQ SCOUT,SKODA KAROQ,SKODA,KAROQ,SKODA KAROQ
406,BMW,X5,BMW X5,BMW X5,BMW,X5,BMW X5
407,BMW,X5 M,BMW X5 M,BMW X5,BMW,X5,BMW X5
408,BMW,X5 IPERFORMANCE,BMW X5 IPERFORMANCE,BMW X5,BMW,X5,BMW X5
409,BMW,X5 X5 M,BMW X5 X5 M,BMW X5,BMW,X5,BMW X5
410,CITROEN,BERLINGO E BERLINGO,CITROEN BERLINGO E BERLINGO,CITROEN E BERLINGO MULTISPACE,CITROEN,E BERLINGO MULTISPACE,CITROEN E BERLINGO MULTISPACE
411,RENAULT,CLIO,RENAULT CLIO,RENAULT CLIO,RENAULT,CLIO,RENAULT CLIO
412,FIAT,PANDA,FIAT PANDA,FIAT PANDA,FIAT,PANDA,FIAT PANDA
413,AUDI,Q4,AUDI Q4,AUDI Q4 40 E TRON,AUDI,Q4 40 E TRON,AUDI Q4 40 E TRON
414,OPEL,CORSA ELECTRIC,OPEL CORSA ELECTRIC,OPEL CORSA GS ELECTRIC 51KW,OPEL,CORSA GS ELECTRIC 51KW,OPEL CORSA GS ELECTRIC 51KW
415,AUDI,Q8 E TRON,AUDI Q8 E TRON,AUDI Q8 55 E TRON,AUDI,Q8 55 E TRON,AUDI Q8 55 E TRON
416,PEUGEOT,508,PEUGEOT 508,PEUGEOT 508,PEUGEOT,508,PEUGEOT 508
417,PEUGEOT,508 HYBRID,PEUGEOT 508 HYBRID,PEUGEOT 508,PEUGEOT,508,PEUGEOT 508
418,HONDA,CIVIC TYPE R,HONDA CIVIC TYPE R,HONDA CIVIC 3P TYPE R,HONDA,CIVIC 3P TYPE R,HONDA CIVIC 3P TYPE R
419,FORD,TRANSIT CUSTOM,FORD TRANSIT CUSTOM,FORD TRANSIT CUSTOM,FORD,TRANSIT CUSTOM,FORD TRANSIT CUSTOM
420,NISSAN,X TRAIL,NISSAN X TRAIL,NISSAN X TRAIL,NISSAN,X TRAIL,NISSAN X TRAIL
421,NISSAN,X TRAIL,NISSAN X TRAIL,NISSAN X TRAIL,NISSAN,X TRAIL,NISSAN X TRAIL
422,NISSAN,X TRAIL,NISSAN X TRAIL,NISSAN X TRAIL,NISSAN,X TRAIL,NISSAN X TRAIL
423,NISSAN,X TRAIL,NISSAN X TRAIL,NISSAN X TRAIL,NISSAN,X TRAIL,NISSAN X TRAIL
424,RENAULT,ARKANA,RENAULT ARKANA,RENAULT ARKANA,RENAULT,ARKANA,RENAULT ARKANA
425,ALFA ROMEO,156,ALFA ROMEO 156,ALFA ROMEO 156,ALFA ROMEO,156,ALFA ROMEO 156
426,HYUNDAI,IONIQ 6,HYUNDAI IONIQ 6,HYUNDAI IONIQ 6,HYUNDAI,IONIQ 6,HYUNDAI IONIQ 6
427,TESLA,MODEL S,TESLA MODEL S,TESLA MODEL S,TESLA,MODEL S,TESLA MODEL S
428,DFSK,SERES 3,DFSK SERES 3,DFSK SERES 3,DFSK,SERES 3,DFSK SERES 3
429,MERCEDES,CLASE C E,MERCEDES CLASE C E,MERCEDES BENZ CLASE C,MERCEDES BENZ,CLASE C,MERCEDES BENZ CLASE C
430,MERCEDES,CLASE C,MERCEDES CLASE C,MERCEDES BENZ CLASE C,MERCEDES BENZ,CLASE C,MERCEDES BENZ CLASE C
431,MERCEDES,EQT,MERCEDES EQT,MERCEDES BENZ EQT,MERCEDES BENZ,EQT,MERCEDES BENZ EQT
432,BMW,I7,BMW I7,BMW I7 XDRIVE60,BMW,I7 XDRIVE60,BMW I7 XDRIVE60
433,DODGE,CHALLENGER BLACK GHOST,DODGE CHALLENGER BLACK GHOST,DODGE CHALLENGER,DODGE,CHALLENGER,DODGE CHALLENGER
434,DR,40,DR 40,DR 40,DR,40,DR 40
435,KIA,XCEED,KIA XCEED,KIA XCEED,KIA,XCEED,KIA XCEED
436,KIA,XCEED PHEV,KIA XCEED PHEV,KIA XCEED,KIA,XCEED,KIA XCEED
437,CITROEN,C5 AIRCROSS,CITROEN C5 AIRCROSS,CITROEN C4 AIRCROSS,CITROEN,C4 AIRCROSS,CITROEN C4 AIRCROSS
438,CITROEN,C4 AIRCROSS,CITROEN C4 AIRCROSS,CITROEN C4 AIRCROSS,CITROEN,C4 AIRCROSS,CITROEN C4 AIRCROSS
439,DS,9,DS 9,DS 9 PURETECH 225 AUTO,DS,9 PURETECH 225 AUTO,DS 9 PURETECH 225 AUTO
440,LAND ROVER,DISCOVERY SPORT PHEV,LAND ROVER DISCOVERY SPORT PHEV,LAND ROVER DISCOVERY SPORT,LAND ROVER,DISCOVERY SPORT,LAND ROVER DISCOVERY SPORT
441,LAND ROVER,DISCOVERY SPORT,LAND ROVER DISCOVERY SPORT,LAND ROVER DISCOVERY SPORT,LAND ROVER,DISCOVERY SPORT,LAND ROVER DISCOVERY SPORT
442,VOLKSWAGEN,AMAROK,VOLKSWAGEN AMAROK,VOLKSWAGEN AMAROK,VOLKSWAGEN,AMAROK,VOLKSWAGEN AMAROK
443,VOLKSWAGEN,AMAROK CANYON,VOLKSWAGEN AMAROK CANYON,VOLKSWAGEN AMAROK,VOLKSWAGEN,AMAROK,VOLKSWAGEN AMAROK
444,LAMBORGHINI,HURACAN,LAMBORGHINI HURACAN,LAMBORGHINI HURACAN,LAMBORGHINI,HURACAN,LAMBORGHINI HURACAN
445,LAMBORGHINI,HURACAN STO,LAMBORGHINI HURACAN STO,LAMBORGHINI HURACAN,LAMBORGHINI,HURACAN,LAMBORGHINI HURACAN
446,LAMBORGHINI,HURACAN PERFORMANTE,LAMBORGHINI HURACAN PERFORMANTE,LAMBORGHINI HURACAN,LAMBORGHINI,HURACAN,LAMBORGHINI HURACAN
447,MAZDA,CX 5,MAZDA CX 5,MAZDA CX 5,MAZDA,CX 5,MAZDA CX 5
448,MAZDA,CX 5,MAZDA CX 5,MAZDA CX 5,MAZDA,CX 5,MAZDA CX 5
449,VOLKSWAGEN,T ROC,VOLKSWAGEN T ROC,VOLKSWAGEN T ROC,VOLKSWAGEN,T ROC,VOLKSWAGEN T ROC
450,VOLKSWAGEN,T ROC,VOLKSWAGEN T ROC,VOLKSWAGEN T ROC,VOLKSWAGEN,T ROC,VOLKSWAGEN T ROC
451,VOLKSWAGEN,T ROC R,VOLKSWAGEN T ROC R,VOLKSWAGEN T ROC,VOLKSWAGEN,T ROC,VOLKSWAGEN T ROC
452,VOLKSWAGEN,T ROC R,VOLKSWAGEN T ROC R,VOLKSWAGEN T ROC,VOLKSWAGEN,T ROC,VOLKSWAGEN T ROC
453,AIWAYS,U5,AIWAYS U5,AIWAYS U5,AIWAYS,U5,AIWAYS U5
454,SUZUKI,SWIFT SPORT,SUZUKI SWIFT SPORT,SUZUKI SWIFT SPORT,SUZUKI,SWIFT SPORT,SUZUKI SWIFT SPORT
455,FORD,S MAX,FORD S MAX,FORD S MAX,FORD,S MAX,FORD S MAX
456,FORD,S MAX,FORD S MAX,FORD S MAX,FORD,S MAX,FORD S MAX
457,FORD,S MAX,FORD S MAX,FORD S MAX,FORD,S MAX,FORD S MAX
458,JEEP,GRAND CHEROKEE,JEEP GRAND CHEROKEE,JEEP GRAND CHEROKEE,JEEP,GRAND CHEROKEE,JEEP GRAND CHEROKEE
459,JEEP,GRAND CHEROKEE TRACKHAWK,JEEP GRAND CHEROKEE TRACKHAWK,JEEP GRAND CHEROKEE,JEEP,GRAND CHEROKEE,JEEP GRAND CHEROKEE
460,FERRARI,ROMA,FERRARI ROMA,FERRARI ROMA,FERRARI,ROMA,FERRARI ROMA
461,DFSK,580,DFSK 580,DFSK 580,DFSK,580,DFSK 580
462,SUZUKI,SWACE,SUZUKI SWACE,SUZUKI SWACE,SUZUKI,SWACE,SUZUKI SWACE
463,ALFA ROMEO,TONALE PHEV,ALFA ROMEO TONALE PHEV,ALFA ROMEO TONALE,ALFA ROMEO,TONALE,ALFA ROMEO TONALE
464,ALFA ROMEO,TONALE,ALFA ROMEO TONALE,ALFA ROMEO TONALE,ALFA ROMEO,TONALE,ALFA ROMEO TONALE
465,RANGE ROVER,VELAR,RANGE ROVER VELAR,LAND ROVER RANGE ROVER VELAR,LAND ROVER,RANGE ROVER VELAR,LAND ROVER RANGE ROVER VELAR
466,LAND ROVER,RANGE ROVER VELAR PHEV,LAND ROVER RANGE ROVER VELAR PHEV,LAND ROVER RANGE ROVER VELAR,LAND ROVER,RANGE ROVER VELAR,LAND ROVER RANGE ROVER VELAR
467,LAND ROVER,RANGE ROVER VELAR,LAND ROVER RANGE ROVER VELAR,LAND ROVER RANGE ROVER VELAR,LAND ROVER,RANGE ROVER VELAR,LAND ROVER RANGE ROVER VELAR
468,LAND ROVER,RANGE ROVER VELAR SVAUTOBIOGRAPHY DYNAMIC EDITION,LAND ROVER RANGE ROVER VELAR SVAUTOBIOGRAPHY DYNAMIC EDITION,LAND ROVER RANGE ROVER VELAR,LAND ROVER,RANGE ROVER VELAR,LAND ROVER RANGE ROVER VELAR
469,SUZUKI,S CROSS,SUZUKI S CROSS,SUZUKI S CROSS,SUZUKI,S CROSS,SUZUKI S CROSS
470,DACIA,JOGGER HYBRID,DACIA JOGGER HYBRID,DACIA JOGGER,DACIA,JOGGER,DACIA JOGGER
471,DACIA,JOGGER,DACIA JOGGER,DACIA JOGGER,DACIA,JOGGER,DACIA JOGGER
472,ASTON MARTIN,DB9,ASTON MARTIN DB9,ASTON MARTIN DB9,ASTON MARTIN,DB9,ASTON MARTIN DB9
473,RENAULT,KANGOO E TECH ELECTRICO,RENAULT KANGOO E TECH ELECTRICO,RENAULT KANGOO E TECH ELECTRIC,RENAULT,KANGOO E TECH ELECTRIC,RENAULT KANGOO E TECH ELECTRIC
474,BMW,SERIE 7,BMW SERIE 7,BMW SERIE 7,BMW,SERIE 7,BMW SERIE 7
475,TOYOTA,PROACE ELECTRIC,TOYOTA PROACE ELECTRIC,TOYOTA PROACE CITY ELECTRIC,TOYOTA,PROACE CITY ELECTRIC,TOYOTA PROACE CITY ELECTRIC
476,TOYOTA,PROACE CITY ELECTRIC,TOYOTA PROACE CITY ELECTRIC,TOYOTA PROACE CITY ELECTRIC,TOYOTA,PROACE CITY ELECTRIC,TOYOTA PROACE CITY ELECTRIC
477,AUDI,A7 RS 7,AUDI A7 RS 7,AUDI A7,AUDI,A7,AUDI A7
478,AUDI,A7 S7,AUDI A7 S7,AUDI A7,AUDI,A7,AUDI A7
479,AUDI,A7,AUDI A7,AUDI A7,AUDI,A7,AUDI A7
480,BMW,Z4,BMW Z4,BMW Z4,BMW,Z4,BMW Z4
481,JAGUAR,I PACE,JAGUAR I PACE,JAGUAR I PACE,JAGUAR,I PACE,JAGUAR I PACE
482,CITROEN,C5 X,CITROEN C5 X,CITROEN C5,CITROEN,C5,CITROEN C5
483,CITROEN,C5,CITROEN C5,CITROEN C5,CITROEN,C5,CITROEN C5
484,SUBARU,IMPREZA,SUBARU IMPREZA,SUBARU IMPREZA,SUBARU,IMPREZA,SUBARU IMPREZA
485,JAGUAR,F PACE,JAGUAR F PACE,JAGUAR F PACE,JAGUAR,F PACE,JAGUAR F PACE
486,JAGUAR,F PACE,JAGUAR F PACE,JAGUAR F PACE,JAGUAR,F PACE,JAGUAR F PACE
487,JAGUAR,F PACE SVR,JAGUAR F PACE SVR,JAGUAR F PACE,JAGUAR,F PACE,JAGUAR F PACE
488,JAGUAR,F PACE SVR,JAGUAR F PACE SVR,JAGUAR F PACE,JAGUAR,F PACE,JAGUAR F PACE
489,AUDI,R8,AUDI R8,AUDI R8,AUDI,R8,AUDI R8
490,AUDI,R8 RWS,AUDI R8 RWS,AUDI R8,AUDI,R8,AUDI R8
491,TOYOTA,SUPRA,TOYOTA SUPRA,TOYOTA SUPRA,TOYOTA,SUPRA,TOYOTA SUPRA
492,TOYOTA,AYGO X,TOYOTA AYGO X,TOYOTA AYGO X,TOYOTA,AYGO X,TOYOTA AYGO X
493,TOYOTA,CAMRY,TOYOTA CAMRY,TOYOTA CAMRY,TOYOTA,CAMRY,TOYOTA CAMRY
494,AUDI,Q3 RS,AUDI Q3 RS,AUDI Q3,AUDI,Q3,AUDI Q3
495,AUDI,Q3 TFSIE,AUDI Q3 TFSIE,AUDI Q3,AUDI,Q3,AUDI Q3
496,AUDI,Q3,AUDI Q3,AUDI Q3,AUDI,Q3,AUDI Q3
497,PEUGEOT,208 E 208,PEUGEOT 208 E 208,PEUGEOT 208 5P ALLURE E,PEUGEOT,208 5P ALLURE E,PEUGEOT 208 5P ALLURE E
498,PORSCHE,911,PORSCHE 911,PORSCHE 911,PORSCHE,911,PORSCHE 911
499,PORSCHE,911 SPORT CLASSIC,PORSCHE 911 SPORT CLASSIC,PORSCHE 911,PORSCHE,911,PORSCHE 911
500,PORSCHE,911 GTS,PORSCHE 911 GTS,PORSCHE 911,PORSCHE,911,PORSCHE 911
501,PORSCHE,911 GT2 RS,PORSCHE 911 GT2 RS,PORSCHE 911,PORSCHE,911,PORSCHE 911
502,PORSCHE,911 GT2,PORSCHE 911 GT2,PORSCHE 911,PORSCHE,911,PORSCHE 911
503,TOYOTA,PRIUS,TOYOTA PRIUS,TOYOTA PRIUS,TOYOTA,PRIUS,TOYOTA PRIUS
504,TOYOTA,PRIUS PLUG IN,TOYOTA PRIUS PLUG IN,TOYOTA PRIUS,TOYOTA,PRIUS,TOYOTA PRIUS
505,VOLKSWAGEN,CADDY,VOLKSWAGEN CADDY,VOLKSWAGEN CADDY,VOLKSWAGEN,CADDY,VOLKSWAGEN CADDY
506,VOLKSWAGEN,TAIGO,VOLKSWAGEN TAIGO,VOLKSWAGEN TAIGO,VOLKSWAGEN,TAIGO,VOLKSWAGEN TAIGO
507,FORD,FIESTA,FORD FIESTA,FORD FIESTA,FORD,FIESTA,FORD FIESTA
508,FORD,FIESTA ST,FORD FIESTA ST,FORD FIESTA,FORD,FIESTA,FORD FIESTA
509,SKODA,OCTAVIA RS,SKODA OCTAVIA RS,SKODA OCTAVIA RS,SKODA,OCTAVIA RS,SKODA OCTAVIA RS
510,SKODA,FABIA,SKODA FABIA,SKODA FABIA,SKODA,FABIA,SKODA FABIA
511,SKODA,FABIA SCOUT,SKODA FABIA SCOUT,SKODA FABIA,SKODA,FABIA,SKODA FABIA
512,SKODA,FABIA RS,SKODA FABIA RS,SKODA FABIA,SKODA,FABIA,SKODA FABIA
513,MERCEDES,CLASE T,MERCEDES CLASE T,MERCEDES BENZ CLASE T,MERCEDES BENZ,CLASE T,MERCEDES BENZ CLASE T
514,FERRARI,458 ITALIA,FERRARI 458 ITALIA,FERRARI 458,FERRARI,458,FERRARI 458
515,FERRARI,458 ITALIA SPECIALE,FERRARI 458 ITALIA SPECIALE,FERRARI 458,FERRARI,458,FERRARI 458
516,FERRARI,458 ITALIA SPECIALE A,FERRARI 458 ITALIA SPECIALE A,FERRARI 458,FERRARI,458,FERRARI 458
517,BENTLEY,BENTAYGA,BENTLEY BENTAYGA,BENTLEY BENTAYGA V8,BENTLEY,BENTAYGA V8,BENTLEY BENTAYGA V8
518,BMW,X7,BMW X7,BMW X7 XDRIVE40I,BMW,X7 XDRIVE40I,BMW X7 XDRIVE40I
519,VOLKSWAGEN,POLO,VOLKSWAGEN POLO,VOLKSWAGEN POLO,VOLKSWAGEN,POLO,VOLKSWAGEN POLO
520,VOLKSWAGEN,POLO GTI,VOLKSWAGEN POLO GTI,VOLKSWAGEN POLO,VOLKSWAGEN,POLO,VOLKSWAGEN POLO
521,PORSCHE,911 TURBO S,PORSCHE 911 TURBO S,PORSCHE 911 TURBO S,PORSCHE,911 TURBO S,PORSCHE 911 TURBO S
522,AUDI,A4 RS 4,AUDI A4 RS 4,AUDI A4 S4,AUDI,A4 S4,AUDI A4 S4
523,AUDI,A4 S4,AUDI A4 S4,AUDI A4 S4,AUDI,A4 S4,AUDI A4 S4
524,FERRARI,296,FERRARI 296,FERRARI 296 GTB,FERRARI,296 GTB,FERRARI 296 GTB
525,CUPRA,FORMENTOR E HYBRID,CUPRA FORMENTOR E HYBRID,CUPRA FORMENTOR E HYBRID,CUPRA,FORMENTOR E HYBRID,CUPRA FORMENTOR E HYBRID
526,AUDI,A8,AUDI A8,AUDI A8,AUDI,A8,AUDI A8
527,AUDI,A8 HYBRID,AUDI A8 HYBRID,AUDI A8,AUDI,A8,AUDI A8
528,MERCEDES,AMG GT E PERFORMANCE,MERCEDES AMG GT E PERFORMANCE,MERCEDES AMG AMG GT S,MERCEDES AMG,AMG GT S,MERCEDES AMG AMG GT S
529,BMW,X4,BMW X4,BMW X4,BMW,X4,BMW X4
530,NISSAN,LEAF,NISSAN LEAF,NISSAN LEAF,NISSAN,LEAF,NISSAN LEAF
531,MAXUS,EUNIQ 5,MAXUS EUNIQ 5,MAXUS EUNIQ 5,MAXUS,EUNIQ 5,MAXUS EUNIQ 5
532,SEAT,ARONA,SEAT ARONA,SEAT ARONA,SEAT,ARONA,SEAT ARONA
533,NISSAN,TOWNSTAR,NISSAN TOWNSTAR,NISSAN TOWNSTAR,NISSAN,TOWNSTAR,NISSAN TOWNSTAR
534,DACIA,LOGAN,DACIA LOGAN,DACIA LOGAN,DACIA,LOGAN,DACIA LOGAN
535,RANGE ROVER,EVOQUE,RANGE ROVER EVOQUE,LAND ROVER RANGE ROVER EVOQUE,LAND ROVER,RANGE ROVER EVOQUE,LAND ROVER RANGE ROVER EVOQUE
536,LAND ROVER,RANGE ROVER EVOQUE,LAND ROVER RANGE ROVER EVOQUE,LAND ROVER RANGE ROVER EVOQUE,LAND ROVER,RANGE ROVER EVOQUE,LAND ROVER RANGE ROVER EVOQUE
537,MITSUBISHI,ECLIPSE CROSS,MITSUBISHI ECLIPSE CROSS,MITSUBISHI ECLIPSE CROSS 150T MOT,MITSUBISHI,ECLIPSE CROSS 150T MOT,MITSUBISHI ECLIPSE CROSS 150T MOT
538,RENAULT,CAPTUR E TECH HIBRIDO,RENAULT CAPTUR E TECH HIBRIDO,RENAULT CAPTUR E TECH HYBRID,RENAULT,CAPTUR E TECH HYBRID,RENAULT CAPTUR E TECH HYBRID
539,AUDI,A4,AUDI A4,AUDI A4,AUDI,A4,AUDI A4
540,SWM,G01,SWM G01,SWM G01,SWM,G01,SWM G01
541,MERCEDES,CITAN,MERCEDES CITAN,MERCEDES BENZ CITAN,MERCEDES BENZ,CITAN,MERCEDES BENZ CITAN
542,SUZUKI,IGNIS,SUZUKI IGNIS,SUZUKI IGNIS,SUZUKI,IGNIS,SUZUKI IGNIS
543,DS,DS 3 E TENSE,DS DS 3 E TENSE,DS 3 CROSSBACK E TENSE,DS,3 CROSSBACK E TENSE,DS 3 CROSSBACK E TENSE
544,AUDI,TT,AUDI TT,AUDI TT,AUDI,TT,AUDI TT
545,AUDI,TT RS,AUDI TT RS,AUDI TT,AUDI,TT,AUDI TT
546,AUDI,TT ESTANDAR,AUDI TT ESTANDAR,AUDI TT,AUDI,TT,AUDI TT
547,RENAULT,MEGANE E TECH PLUG IN,RENAULT MEGANE E TECH PLUG IN,RENAULT MEGANE E TECH PLUG IN,RENAULT,MEGANE E TECH PLUG IN,RENAULT MEGANE E TECH PLUG IN
548,VOLVO,S90,VOLVO S90,VOLVO S90,VOLVO,S90,VOLVO S90
549,TOYOTA,RAV4 PLUG IN HYBRID,TOYOTA RAV4 PLUG IN HYBRID,TOYOTA RAV4,TOYOTA,RAV4,TOYOTA RAV4
550,TOYOTA,RAV4,TOYOTA RAV4,TOYOTA RAV4,TOYOTA,RAV4,TOYOTA RAV4
551,VOLVO,V90,VOLVO V90,VOLVO V90,VOLVO,V90,VOLVO V90
552,HYUNDAI,I30 N,HYUNDAI I30 N,HYUNDAI I30 N,HYUNDAI,I30 N,HYUNDAI I30 N
553,SUBARU,XV,SUBARU XV,SUBARU XV,SUBARU,XV,SUBARU XV
554,HYUNDAI,I20 N,HYUNDAI I20 N,HYUNDAI I20 N,HYUNDAI,I20 N,HYUNDAI I20 N
555,JAGUAR,XE,JAGUAR XE,JAGUAR XE,JAGUAR,XE,JAGUAR XE
556,SUBARU,OUTBACK,SUBARU OUTBACK,SUBARU OUTBACK,SUBARU,OUTBACK,SUBARU OUTBACK
557,JEEP,RENEGADE 4XE,JEEP RENEGADE 4XE,JEEP RENEGADE,JEEP,RENEGADE,JEEP RENEGADE
558,JEEP,RENEGADE,JEEP RENEGADE,JEEP RENEGADE,JEEP,RENEGADE,JEEP RENEGADE
559,JAGUAR,XF,JAGUAR XF,JAGUAR XF,JAGUAR,XF,JAGUAR XF
560,JAGUAR,XF XFR S,JAGUAR XF XFR S,JAGUAR XF,JAGUAR,XF,JAGUAR XF
561,JAGUAR,XF XFR,JAGUAR XF XFR,JAGUAR XF,JAGUAR,XF,JAGUAR XF
562,NISSAN,PRIMERA,NISSAN PRIMERA,NISSAN PRIMERA,NISSAN,PRIMERA,NISSAN PRIMERA
563,VOLKSWAGEN,GOLF GTE,VOLKSWAGEN GOLF GTE,VOLKSWAGEN GOLF GTE,VOLKSWAGEN,GOLF GTE,VOLKSWAGEN GOLF GTE
564,PORSCHE,CAYENNE TURBO GT,PORSCHE CAYENNE TURBO GT,PORSCHE CAYENNE TURBO GT,PORSCHE,CAYENNE TURBO GT,PORSCHE CAYENNE TURBO GT
565,AUDI,A3 TFSIE,AUDI A3 TFSIE,AUDI A3 40 TFSIE,AUDI,A3 40 TFSIE,AUDI A3 40 TFSIE
566,TOYOTA,AYGO,TOYOTA AYGO,TOYOTA AYGO,TOYOTA,AYGO,TOYOTA AYGO
567,MASERATI,LEVANTE,MASERATI LEVANTE,MASERATI LEVANTE,MASERATI,LEVANTE,MASERATI LEVANTE
568,MASERATI,LEVANTE TROFEO,MASERATI LEVANTE TROFEO,MASERATI LEVANTE,MASERATI,LEVANTE,MASERATI LEVANTE
569,JAGUAR,F TYPE,JAGUAR F TYPE,JAGUAR F TYPE,JAGUAR,F TYPE,JAGUAR F TYPE
570,JAGUAR,F TYPE SVR,JAGUAR F TYPE SVR,JAGUAR F TYPE,JAGUAR,F TYPE,JAGUAR F TYPE
571,RENAULT,TWINGO ZE,RENAULT TWINGO ZE,RENAULT TWINGO,RENAULT,TWINGO,RENAULT TWINGO
572,RENAULT,TWINGO,RENAULT TWINGO,RENAULT TWINGO,RENAULT,TWINGO,RENAULT TWINGO
573,KIA,STONIC,KIA STONIC,KIA STONIC,KIA,STONIC,KIA STONIC
574,FORD,GALAXY,FORD GALAXY,FORD GALAXY,FORD,GALAXY,FORD GALAXY
575,RENAULT,CAPTUR E TECH PLUG IN,RENAULT CAPTUR E TECH PLUG IN,RENAULT CAPTUR E TECH PLUG IN,RENAULT,CAPTUR E TECH PLUG IN,RENAULT CAPTUR E TECH PLUG IN
576,TOYOTA,MIRAI,TOYOTA MIRAI,TOYOTA MIRAI,TOYOTA,MIRAI,TOYOTA MIRAI
577,KIA,RIO,KIA RIO,KIA RIO,KIA,RIO,KIA RIO
578,TOYOTA,HIGHLANDER,TOYOTA HIGHLANDER,TOYOTA HIGHLANDER,TOYOTA,HIGHLANDER,TOYOTA HIGHLANDER
579,TESLA,MODEL X,TESLA MODEL X,TESLA MODEL X,TESLA,MODEL X,TESLA MODEL X
580,VOLVO,S60,VOLVO S60,VOLVO S60,VOLVO,S60,VOLVO S60
581,SEAT,TARRACO PHEV,SEAT TARRACO PHEV,SEAT TARRACO,SEAT,TARRACO,SEAT TARRACO
582,SEAT,TARRACO,SEAT TARRACO,SEAT TARRACO,SEAT,TARRACO,SEAT TARRACO
583,MITSUBISHI,SPACE STAR,MITSUBISHI SPACE STAR,MITSUBISHI SPACE STAR,MITSUBISHI,SPACE STAR,MITSUBISHI SPACE STAR
584,RENAULT,CLIO E TECH,RENAULT CLIO E TECH,RENAULT CLIO E TECH HYBRID,RENAULT,CLIO E TECH HYBRID,RENAULT CLIO E TECH HYBRID
585,OPEL,ZAFIRA LIFE E,OPEL ZAFIRA LIFE E,OPEL ZAFIRA LIFE,OPEL,ZAFIRA LIFE,OPEL ZAFIRA LIFE
586,RENAULT,TALISMAN,RENAULT TALISMAN,RENAULT TALISMAN,RENAULT,TALISMAN,RENAULT TALISMAN
587,AUDI,Q5 SQ5,AUDI Q5 SQ5,AUDI SQ5,AUDI,SQ5,AUDI SQ5
588,PORSCHE,PANAMERA E HYBRID,PORSCHE PANAMERA E HYBRID,PORSCHE PANAMERA 4 E HYBRID,PORSCHE,PANAMERA 4 E HYBRID,PORSCHE PANAMERA 4 E HYBRID
589,PORSCHE,PANAMERA 4 E HYBRID,PORSCHE PANAMERA 4 E HYBRID,PORSCHE PANAMERA 4 E HYBRID,PORSCHE,PANAMERA 4 E HYBRID,PORSCHE PANAMERA 4 E HYBRID
590,AUDI,Q2 SQ2,AUDI Q2 SQ2,AUDI SQ2,AUDI,SQ2,AUDI SQ2
591,OPEL,CORSA CORSA E,OPEL CORSA CORSA E,OPEL CORSA E VAN,OPEL,CORSA E VAN,OPEL CORSA E VAN
592,NISSAN,MICRA,NISSAN MICRA,NISSAN MICRA,NISSAN,MICRA,NISSAN MICRA
593,ASTON MARTIN,DB11,ASTON MARTIN DB11,ASTON MARTIN DB11,ASTON MARTIN,DB11,ASTON MARTIN DB11
594,PORSCHE,CAYENNE TURBO S E HYBRID,PORSCHE CAYENNE TURBO S E HYBRID,PORSCHE CAYENNE TURBO S E HYBR,PORSCHE,CAYENNE TURBO S E HYBR,PORSCHE CAYENNE TURBO S E HYBR
595,OPEL,INSIGNIA,OPEL INSIGNIA,OPEL INSIGNIA,OPEL,INSIGNIA,OPEL INSIGNIA
596,OPEL,INSIGNIA GSI,OPEL INSIGNIA GSI,OPEL INSIGNIA,OPEL,INSIGNIA,OPEL INSIGNIA
597,OPEL,INSIGNIA OPC,OPEL INSIGNIA OPC,OPEL INSIGNIA,OPEL,INSIGNIA,OPEL INSIGNIA
598,FORD,ECOSPORT,FORD ECOSPORT,FORD ECOSPORT,FORD,ECOSPORT,FORD ECOSPORT
599,CITROEN,SPACETOURER E SPACETOURER,CITROEN SPACETOURER E SPACETOURER,CITROEN C4 SPACETOURER PURETEC,CITROEN,C4 SPACETOURER PURETEC,CITROEN C4 SPACETOURER PURETEC
600,PEUGEOT,TRAVELLER E TRAVELLER,PEUGEOT TRAVELLER E TRAVELLER,PEUGEOT E TRAVELLER BUSINESS E,PEUGEOT,E TRAVELLER BUSINESS E,PEUGEOT E TRAVELLER BUSINESS E
601,JAGUAR,E PACE,JAGUAR E PACE,JAGUAR E PACE,JAGUAR,E PACE,JAGUAR E PACE
602,JAGUAR,E PACE PHEV,JAGUAR E PACE PHEV,JAGUAR E PACE,JAGUAR,E PACE,JAGUAR E PACE
603,KIA,SOUL,KIA SOUL,KIA SOUL,KIA,SOUL,KIA SOUL
604,PORSCHE,CAYENNE E HYBRID,PORSCHE CAYENNE E HYBRID,PORSCHE CAYENNE E HYBRID,PORSCHE,CAYENNE E HYBRID,PORSCHE CAYENNE E HYBRID
605,AUDI,Q7 SQ7,AUDI Q7 SQ7,AUDI SQ7,AUDI,SQ7,AUDI SQ7
606,AUDI,Q8 SQ8,AUDI Q8 SQ8,AUDI SQ8,AUDI,SQ8,AUDI SQ8
607,HONDA,E,HONDA E,HONDA E,HONDA,E,HONDA E
608,MASERATI,GHIBLI TROFEO,MASERATI GHIBLI TROFEO,MASERATI GHIBLI,MASERATI,GHIBLI,MASERATI GHIBLI
609,MASERATI,GHIBLI,MASERATI GHIBLI,MASERATI GHIBLI,MASERATI,GHIBLI,MASERATI GHIBLI
610,KIA,STINGER,KIA STINGER,KIA STINGER,KIA,STINGER,KIA STINGER
611,RENAULT,ZOE,RENAULT ZOE,RENAULT ZOE,RENAULT,ZOE,RENAULT ZOE
612,CITROEN,C5 AIRCROSS HYBRID,CITROEN C5 AIRCROSS HYBRID,CITROEN SUV C5 AIRCROSS HYBRID,CITROEN,SUV C5 AIRCROSS HYBRID,CITROEN SUV C5 AIRCROSS HYBRID
613,PORSCHE,718 T,PORSCHE 718 T,PORSCHE 718 BOXSTER,PORSCHE,718 BOXSTER,PORSCHE 718 BOXSTER
614,PORSCHE,718,PORSCHE 718,PORSCHE 718 BOXSTER,PORSCHE,718 BOXSTER,PORSCHE 718 BOXSTER
615,PORSCHE,718 S,PORSCHE 718 S,PORSCHE 718 BOXSTER,PORSCHE,718 BOXSTER,PORSCHE 718 BOXSTER
616,MASERATI,QUATTROPORTE TROFEO,MASERATI QUATTROPORTE TROFEO,MASERATI QUATTROPORTE,MASERATI,QUATTROPORTE,MASERATI QUATTROPORTE
617,MASERATI,QUATTROPORTE,MASERATI QUATTROPORTE,MASERATI QUATTROPORTE,MASERATI,QUATTROPORTE,MASERATI QUATTROPORTE
618,MASERATI,QUATTROPORTE SPORT GT S,MASERATI QUATTROPORTE SPORT GT S,MASERATI QUATTROPORTE,MASERATI,QUATTROPORTE,MASERATI QUATTROPORTE
619,FERRARI,PORTOFINO,FERRARI PORTOFINO,FERRARI PORTOFINO,FERRARI,PORTOFINO,FERRARI PORTOFINO
620,AUDI,Q5 TFSI E,AUDI Q5 TFSI E,AUDI Q5 50 TFSI E,AUDI,Q5 50 TFSI E,AUDI Q5 50 TFSI E
621,DS,7 E TENSE,DS 7 E TENSE,DS 7 E TENSE 225 OPER,DS,7 E TENSE 225 OPER,DS 7 E TENSE 225 OPER
622,SEAT,MII,SEAT MII,SEAT MII,SEAT,MII,SEAT MII
623,PORSCHE,CAYENNE GTS,PORSCHE CAYENNE GTS,PORSCHE CAYENNE GTS,PORSCHE,CAYENNE GTS,PORSCHE CAYENNE GTS
624,ALFA ROMEO,GIULIA QUADRIFOGLIO,ALFA ROMEO GIULIA QUADRIFOGLIO,ALFA ROMEO GIULIA QUADRIFOGLIO,ALFA ROMEO,GIULIA QUADRIFOGLIO,ALFA ROMEO GIULIA QUADRIFOGLIO
625,ROVER,45,ROVER 45,ROVER 45,ROVER,45,ROVER 45
626,BENTLEY,CONTINENTAL GTC,BENTLEY CONTINENTAL GTC,BENTLEY CONTINENTAL GTC,BENTLEY,CONTINENTAL GTC,BENTLEY CONTINENTAL GTC
627,BMW,SERIE 8 M8 COMPETITION,BMW SERIE 8 M8 COMPETITION,BMW M8 COMPETITION,BMW,M8 COMPETITION,BMW M8 COMPETITION
628,VOLKSWAGEN,GOLF GTD,VOLKSWAGEN GOLF GTD,VOLKSWAGEN GOLF GTD,VOLKSWAGEN,GOLF GTD,VOLKSWAGEN GOLF GTD
629,JEEP,CHEROKEE,JEEP CHEROKEE,JEEP CHEROKEE,JEEP,CHEROKEE,JEEP CHEROKEE
630,NISSAN,350Z,NISSAN 350Z,NISSAN 350Z,NISSAN,350Z,NISSAN 350Z
631,SMART,FORFOUR,SMART FORFOUR,SMART FORFOUR,SMART,FORFOUR,SMART FORFOUR
632,NISSAN,NP300 NAVARA,NISSAN NP300 NAVARA,NISSAN NP300 NAVARA,NISSAN,NP300 NAVARA,NISSAN NP300 NAVARA
633,SMART,FORTWO,SMART FORTWO,SMART FORTWO,SMART,FORTWO,SMART FORTWO
634,AUDI,A6 S6,AUDI A6 S6,AUDI A6 S6,AUDI,A6 S6,AUDI A6 S6
635,AUDI,A6 RS 6,AUDI A6 RS 6,AUDI A6 S6,AUDI,A6 S6,AUDI A6 S6
636,SKODA,CITIGO,SKODA CITIGO,SKODA CITIGO,SKODA,CITIGO,SKODA CITIGO
637,MINI,MINI JOHN COOPER WORKS GP,MINI MINI JOHN COOPER WORKS GP,MINI JOHN COOPER WORKS,MINI,JOHN COOPER WORKS,MINI JOHN COOPER WORKS
638,MINI,MINI JOHN COOPER WORKS,MINI MINI JOHN COOPER WORKS,MINI JOHN COOPER WORKS,MINI,JOHN COOPER WORKS,MINI JOHN COOPER WORKS
639,RENAULT,KOLEOS,RENAULT KOLEOS,RENAULT KOLEOS,RENAULT,KOLEOS,RENAULT KOLEOS
640,BMW,X3 M,BMW X3 M,BMW X3 M,BMW,X3 M,BMW X3 M
641,FIAT,500X,FIAT 500X,FIAT 500X,FIAT,500X,FIAT 500X
642,BENTLEY,BENTAYGA HYBRID,BENTLEY BENTAYGA HYBRID,BENTLEY BENTAYGA HYBRID,BENTLEY,BENTAYGA HYBRID,BENTLEY BENTAYGA HYBRID
643,MAHINDRA,GOA,MAHINDRA GOA,MAHINDRA GOA,MAHINDRA,GOA,MAHINDRA GOA
644,SUBARU,LEVORG,SUBARU LEVORG,SUBARU LEVORG,SUBARU,LEVORG,SUBARU LEVORG
645,RENAULT,KADJAR,RENAULT KADJAR,RENAULT KADJAR,RENAULT,KADJAR,RENAULT KADJAR
646,BMW,SERIE 2 M2 COMPETITION,BMW SERIE 2 M2 COMPETITION,BMW M2 COMPETITION,BMW,M2 COMPETITION,BMW M2 COMPETITION
647,MINI,MINI CLUBMAN,MINI MINI CLUBMAN,MINI CLUBMAN COOPER D,MINI,CLUBMAN COOPER D,MINI CLUBMAN COOPER D
648,BMW,I3,BMW I3,BMW I3,BMW,I3,BMW I3
649,VOLVO,V60,VOLVO V60,VOLVO V60,VOLVO,V60,VOLVO V60
650,MERCEDES,CLASE V,MERCEDES CLASE V,MERCEDES BENZ CLASE V,MERCEDES BENZ,CLASE V,MERCEDES BENZ CLASE V
651,FORD,EDGE,FORD EDGE,FORD EDGE,FORD,EDGE,FORD EDGE
652,INFINITI,Q50,INFINITI Q50,INFINITI Q50,INFINITI,Q50,INFINITI Q50
653,INFINITI,Q60,INFINITI Q60,INFINITI Q60,INFINITI,Q60,INFINITI Q60
654,INFINITI,QX30,INFINITI QX30,INFINITI QX30,INFINITI,QX30,INFINITI QX30
655,INFINITI,Q30,INFINITI Q30,INFINITI Q30,INFINITI,Q30,INFINITI Q30
656,INFINITI,Q70,INFINITI Q70,INFINITI Q70,INFINITI,Q70,INFINITI Q70
657,MAZDA,MX 5 30 ANIVERSARIO,MAZDA MX 5 30 ANIVERSARIO,MAZDA MX 5,MAZDA,MX 5,MAZDA MX 5
658,MAZDA,MX 5 30 ANIVERSARIO,MAZDA MX 5 30 ANIVERSARIO,MAZDA MX 5,MAZDA,MX 5,MAZDA MX 5
659,MAZDA,MX 5,MAZDA MX 5,MAZDA MX 5,MAZDA,MX 5,MAZDA MX 5
660,MAZDA,MX 5,MAZDA MX 5,MAZDA MX 5,MAZDA,MX 5,MAZDA MX 5
661,FORD,MONDEO,FORD MONDEO,FORD MONDEO,FORD,MONDEO,FORD MONDEO
662,FORD,MONDEO VIGNALE,FORD MONDEO VIGNALE,FORD MONDEO,FORD,MONDEO,FORD MONDEO
663,FORD,MONDEO SPORT,FORD MONDEO SPORT,FORD MONDEO,FORD,MONDEO,FORD MONDEO
664,FORD,MONDEO ST,FORD MONDEO ST,FORD MONDEO,FORD,MONDEO,FORD MONDEO
665,BENTLEY,ARNAGE,BENTLEY ARNAGE,BENTLEY ARNAGE,BENTLEY,ARNAGE,BENTLEY ARNAGE
666,SUZUKI,JIMNY,SUZUKI JIMNY,SUZUKI JIMNY,SUZUKI,JIMNY,SUZUKI JIMNY
667,KIA,OPTIMA,KIA OPTIMA,KIA OPTIMA,KIA,OPTIMA,KIA OPTIMA
668,PORSCHE,718 GTS,PORSCHE 718 GTS,PORSCHE 718 CAYMAN GTS,PORSCHE,718 CAYMAN GTS,PORSCHE 718 CAYMAN GTS
669,SSANGYONG,XLV,SSANGYONG XLV,SSANGYONG XLV,SSANGYONG,XLV,SSANGYONG XLV
670,SEAT,ALHAMBRA,SEAT ALHAMBRA,SEAT ALHAMBRA,SEAT,ALHAMBRA,SEAT ALHAMBRA
671,PEUGEOT,TRAVELLER,PEUGEOT TRAVELLER,PEUGEOT TRAVELLER BUSINESS 1 6,PEUGEOT,TRAVELLER BUSINESS 1 6,PEUGEOT TRAVELLER BUSINESS 1 6
672,SSANGYONG,RODIUS,SSANGYONG RODIUS,SSANGYONG RODIUS,SSANGYONG,RODIUS,SSANGYONG RODIUS
673,PORSCHE,PANAMERA GTS,PORSCHE PANAMERA GTS,PORSCHE PANAMERA GTS,PORSCHE,PANAMERA GTS,PORSCHE PANAMERA GTS
674,OPEL,CROSSLAND X,OPEL CROSSLAND X,OPEL CROSSLAND X,OPEL,CROSSLAND X,OPEL CROSSLAND X
675,HYUNDAI,I40,HYUNDAI I40,HYUNDAI I40,HYUNDAI,I40,HYUNDAI I40
676,BMW,SERIE 5 M5 COMPETITION,BMW SERIE 5 M5 COMPETITION,BMW M5 COMPETITION,BMW,M5 COMPETITION,BMW M5 COMPETITION
677,CITROEN,C4 CACTUS,CITROEN C4 CACTUS,CITROEN C4 CACTUS,CITROEN,C4 CACTUS,CITROEN C4 CACTUS
678,TOYOTA,HILUX,TOYOTA HILUX,TOYOTA HILUX,TOYOTA,HILUX,TOYOTA HILUX
679,TOYOTA,AURIS,TOYOTA AURIS,TOYOTA AURIS,TOYOTA,AURIS,TOYOTA AURIS
680,MAHINDRA,KUV100,MAHINDRA KUV100,MAHINDRA KUV100 2WD NXT,MAHINDRA,KUV100 2WD NXT,MAHINDRA KUV100 2WD NXT
681,FORD,KA,FORD KA,FORD KA,FORD,KA,FORD KA
682,FORD,KA,FORD KA,FORD KA,FORD,KA,FORD KA
683,LAND ROVER,RANGE ROVER,LAND ROVER RANGE ROVER,LAND ROVER RANGE ROVER,LAND ROVER,RANGE ROVER,LAND ROVER RANGE ROVER
684,LAND ROVER,RANGE ROVER PHEV,LAND ROVER RANGE ROVER PHEV,LAND ROVER RANGE ROVER,LAND ROVER,RANGE ROVER,LAND ROVER RANGE ROVER
685,SEAT,LEON CUPRA R,SEAT LEON CUPRA R,SEAT CUPRA LEON,SEAT,CUPRA LEON,SEAT CUPRA LEON
686,SEAT,LEON CUPRA,SEAT LEON CUPRA,SEAT CUPRA LEON,SEAT,CUPRA LEON,SEAT CUPRA LEON
687,BMW,I8,BMW I8,BMW I8,BMW,I8,BMW I8
688,RENAULT,CLIO RENAULT SPORT,RENAULT CLIO RENAULT SPORT,RENAULT CLIO SPORT TOURER,RENAULT,CLIO SPORT TOURER,RENAULT CLIO SPORT TOURER
689,TOYOTA,GT 86,TOYOTA GT 86,TOYOTA 86,TOYOTA,86,TOYOTA 86
690,LAND ROVER,DISCOVERY,LAND ROVER DISCOVERY,LAND ROVER DISCOVERY,LAND ROVER,DISCOVERY,LAND ROVER DISCOVERY
691,LAND ROVER,DISCOVERY SVX,LAND ROVER DISCOVERY SVX,LAND ROVER DISCOVERY,LAND ROVER,DISCOVERY,LAND ROVER DISCOVERY
692,PEUGEOT,PARTNER,PEUGEOT PARTNER,PEUGEOT PARTNER,PEUGEOT,PARTNER,PEUGEOT PARTNER
693,JAGUAR,S TYPE,JAGUAR S TYPE,JAGUAR S TYPE,JAGUAR,S TYPE,JAGUAR S TYPE
694,JAGUAR,S TYPE,JAGUAR S TYPE,JAGUAR S TYPE,JAGUAR,S TYPE,JAGUAR S TYPE
695,JAGUAR,S TYPE SPORT,JAGUAR S TYPE SPORT,JAGUAR S TYPE,JAGUAR,S TYPE,JAGUAR S TYPE
696,JAGUAR,S TYPE SPORT,JAGUAR S TYPE SPORT,JAGUAR S TYPE,JAGUAR,S TYPE,JAGUAR S TYPE
697,PORSCHE,911 CARRERA T,PORSCHE 911 CARRERA T,PORSCHE 911 CARRERA 4,PORSCHE,911 CARRERA 4,PORSCHE 911 CARRERA 4
698,PORSCHE,911 CARRERA 4,PORSCHE 911 CARRERA 4,PORSCHE 911 CARRERA 4,PORSCHE,911 CARRERA 4,PORSCHE 911 CARRERA 4
699,JAGUAR,XJ,JAGUAR XJ,JAGUAR XJ,JAGUAR,XJ,JAGUAR XJ
700,JAGUAR,XJ XJR,JAGUAR XJ XJR,JAGUAR XJ,JAGUAR,XJ,JAGUAR XJ
701,NISSAN,370Z,NISSAN 370Z,NISSAN 370Z,NISSAN,370Z,NISSAN 370Z
702,NISSAN,370Z NISMO,NISSAN 370Z NISMO,NISSAN 370Z,NISSAN,370Z,NISSAN 370Z
703,ROLLS ROYCE,PHANTOM,ROLLS ROYCE PHANTOM,ROLLS ROYCE PHANTOM II,ROLLS ROYCE,PHANTOM II,ROLLS ROYCE PHANTOM II
704,RENAULT,GRAND SCENIC,RENAULT GRAND SCENIC,RENAULT GRAND SCENIC,RENAULT,GRAND SCENIC,RENAULT GRAND SCENIC
705,SKODA,RAPID,SKODA RAPID,SKODA RAPID,SKODA,RAPID,SKODA RAPID
706,SKODA,RAPID SPACEBACK,SKODA RAPID SPACEBACK,SKODA RAPID,SKODA,RAPID,SKODA RAPID
707,SMART,FORTWO ELECTRIC DRIVE,SMART FORTWO ELECTRIC DRIVE,SMART ELECTRIC DRIVE,SMART,ELECTRIC DRIVE,SMART ELECTRIC DRIVE
708,ALFA ROMEO,MITO,ALFA ROMEO MITO,ALFA ROMEO MITO,ALFA ROMEO,MITO,ALFA ROMEO MITO
709,PORSCHE,911 CARRERA,PORSCHE 911 CARRERA,PORSCHE 911 CARRERA,PORSCHE,911 CARRERA,PORSCHE 911 CARRERA
710,NISSAN,NOTE,NISSAN NOTE,NISSAN NOTE,NISSAN,NOTE,NISSAN NOTE
711,OPEL,AMPERA E,OPEL AMPERA E,OPEL AMPERA,OPEL,AMPERA,OPEL AMPERA
712,OPEL,AMPERA,OPEL AMPERA,OPEL AMPERA,OPEL,AMPERA,OPEL AMPERA
713,AUDI,Q2,AUDI Q2,AUDI Q2,AUDI,Q2,AUDI Q2
714,OPEL,MOKKA X,OPEL MOKKA X,OPEL MOKKA X,OPEL,MOKKA X,OPEL MOKKA X
715,MITSUBISHI,L200,MITSUBISHI L200,MITSUBISHI L200,MITSUBISHI,L200,MITSUBISHI L200
716,CITROEN,C ELYSEE,CITROEN C ELYSEE,CITROEN C ELYSEE,CITROEN,C ELYSEE,CITROEN C ELYSEE
717,CITROEN,C ELYSEE,CITROEN C ELYSEE,CITROEN C ELYSEE,CITROEN,C ELYSEE,CITROEN C ELYSEE
718,FIAT,124 SPIDER,FIAT 124 SPIDER,FIAT 124 SPIDER,FIAT,124 SPIDER,FIAT 124 SPIDER
719,RENAULT,FLUENCE,RENAULT FLUENCE,RENAULT FLUENCE,RENAULT,FLUENCE,RENAULT FLUENCE
720,FIAT,QUBO,FIAT QUBO,FIAT QUBO,FIAT,QUBO,FIAT QUBO
721,NISSAN,PATHFINDER,NISSAN PATHFINDER,NISSAN PATHFINDER,NISSAN,PATHFINDER,NISSAN PATHFINDER
722,CITROEN,C4 PICASSO,CITROEN C4 PICASSO,CITROEN C4 PICASSO,CITROEN,C4 PICASSO,CITROEN C4 PICASSO
723,CITROEN,GRAND C4 PICASSO,CITROEN GRAND C4 PICASSO,CITROEN C4 PICASSO,CITROEN,C4 PICASSO,CITROEN C4 PICASSO
724,KIA,CARENS,KIA CARENS,KIA CARENS,KIA,CARENS,KIA CARENS
725,SMART,FORTWO BRABUS,SMART FORTWO BRABUS,SMART FORTWO CABRIO BRABUS,SMART,FORTWO CABRIO BRABUS,SMART FORTWO CABRIO BRABUS
726,ALFA ROMEO,GIULIETTA,ALFA ROMEO GIULIETTA,ALFA ROMEO GIULIETTA,ALFA ROMEO,GIULIETTA,ALFA ROMEO GIULIETTA
727,ALFA ROMEO,GIULIETTA QUADRIFOGLIO VERDE,ALFA ROMEO GIULIETTA QUADRIFOGLIO VERDE,ALFA ROMEO GIULIETTA,ALFA ROMEO,GIULIETTA,ALFA ROMEO GIULIETTA
728,SMART,FORFOUR BRABUS,SMART FORFOUR BRABUS,SMART FORFOUR BRABUS,SMART,FORFOUR BRABUS,SMART FORFOUR BRABUS
729,VOLVO,V40,VOLVO V40,VOLVO V40,VOLVO,V40,VOLVO V40
730,CITROEN,E MEHARI,CITROEN E MEHARI,CITROEN MEHARI,CITROEN,MEHARI,CITROEN MEHARI
731,VOLKSWAGEN,BEETLE,VOLKSWAGEN BEETLE,VOLKSWAGEN BEETLE,VOLKSWAGEN,BEETLE,VOLKSWAGEN BEETLE
732,CHRYSLER,PT CRUISER,CHRYSLER PT CRUISER,CHRYSLER PT CRUISER,CHRYSLER,PT CRUISER,CHRYSLER PT CRUISER
733,HYUNDAI,ELANTRA,HYUNDAI ELANTRA,HYUNDAI ELANTRA,HYUNDAI,ELANTRA,HYUNDAI ELANTRA
734,SUZUKI,BALENO,SUZUKI BALENO,SUZUKI BALENO,SUZUKI,BALENO,SUZUKI BALENO
735,OPEL,KARL,OPEL KARL,OPEL KARL,OPEL,KARL,OPEL KARL
736,TOYOTA,VERSO,TOYOTA VERSO,TOYOTA VERSO,TOYOTA,VERSO,TOYOTA VERSO
737,AUDI,Q7 E TRON,AUDI Q7 E TRON,AUDI Q7 E TRON,AUDI,Q7 E TRON,AUDI Q7 E TRON
738,ALFA ROMEO,147,ALFA ROMEO 147,ALFA ROMEO 147,ALFA ROMEO,147,ALFA ROMEO 147
739,FORD,B MAX2,FORD B MAX2,FORD B MAX,FORD,B MAX,FORD B MAX
740,FORD,B MAX2,FORD B MAX2,FORD B MAX,FORD,B MAX,FORD B MAX
741,PORSCHE,BOXSTER,PORSCHE BOXSTER,PORSCHE BOXSTER,PORSCHE,BOXSTER,PORSCHE BOXSTER
742,TOYOTA,LAND CRUISER 200,TOYOTA LAND CRUISER 200,TOYOTA LAND CRUISER 120,TOYOTA,LAND CRUISER 120,TOYOTA LAND CRUISER 120
743,LEXUS,GS,LEXUS GS,LEXUS GS 300,LEXUS,GS 300,LEXUS GS 300
744,PEUGEOT,RCZ,PEUGEOT RCZ,PEUGEOT RCZ,PEUGEOT,RCZ,PEUGEOT RCZ
745,VOLKSWAGEN,TOURAN,VOLKSWAGEN TOURAN,VOLKSWAGEN TOURAN,VOLKSWAGEN,TOURAN,VOLKSWAGEN TOURAN
746,PORSCHE,911 TURBO,PORSCHE 911 TURBO,PORSCHE 911 TURBO,PORSCHE,911 TURBO,PORSCHE 911 TURBO
747,OPEL,MERIVA,OPEL MERIVA,OPEL MERIVA,OPEL,MERIVA,OPEL MERIVA
748,OPEL,MERIVA OPC,OPEL MERIVA OPC,OPEL MERIVA,OPEL,MERIVA,OPEL MERIVA
749,CITROEN,C3 PICASSO,CITROEN C3 PICASSO,CITROEN C3 PICASSO,CITROEN,C3 PICASSO,CITROEN C3 PICASSO
750,TOYOTA,AVENSIS,TOYOTA AVENSIS,TOYOTA AVENSIS,TOYOTA,AVENSIS,TOYOTA AVENSIS
751,OPEL,CASCADA,OPEL CASCADA,OPEL CASCADA,OPEL,CASCADA,OPEL CASCADA
752,OPEL,ZAFIRA TOURER,OPEL ZAFIRA TOURER,OPEL ZAFIRA TOURER,OPEL,ZAFIRA TOURER,OPEL ZAFIRA TOURER
753,RENAULT,LAGUNA COUPE,RENAULT LAGUNA COUPE,RENAULT LAGUNA COUPE,RENAULT,LAGUNA COUPE,RENAULT LAGUNA COUPE
754,RENAULT,LAGUNA,RENAULT LAGUNA,RENAULT LAGUNA,RENAULT,LAGUNA,RENAULT LAGUNA
755,RENAULT,LAGUNA GT 4CONTROL,RENAULT LAGUNA GT 4CONTROL,RENAULT LAGUNA,RENAULT,LAGUNA,RENAULT LAGUNA
756,SEAT,IBIZA CUPRA,SEAT IBIZA CUPRA,SEAT IBIZA CUPRA,SEAT,IBIZA CUPRA,SEAT IBIZA CUPRA
757,FORD,C MAX,FORD C MAX,FORD C MAX,FORD,C MAX,FORD C MAX
758,FORD,C MAX,FORD C MAX,FORD C MAX,FORD,C MAX,FORD C MAX
759,FORD,C MAX,FORD C MAX,FORD C MAX,FORD,C MAX,FORD C MAX
760,FORD,C MAX,FORD C MAX,FORD C MAX,FORD,C MAX,FORD C MAX
761,FORD,C MAX,FORD C MAX,FORD C MAX,FORD,C MAX,FORD C MAX
762,SEAT,TOLEDO,SEAT TOLEDO,SEAT TOLEDO,SEAT,TOLEDO,SEAT TOLEDO
763,LANCIA,GRAND VOYAGER,LANCIA GRAND VOYAGER,LANCIA VOYAGER,LANCIA,VOYAGER,LANCIA VOYAGER
764,SUZUKI,SX4,SUZUKI SX4,SUZUKI SX4,SUZUKI,SX4,SUZUKI SX4
765,HYUNDAI,IX35,HYUNDAI IX35,HYUNDAI IX35,HYUNDAI,IX35,HYUNDAI IX35
766,VOLKSWAGEN,SCIROCCO,VOLKSWAGEN SCIROCCO,VOLKSWAGEN SCIROCCO,VOLKSWAGEN,SCIROCCO,VOLKSWAGEN SCIROCCO
767,VOLKSWAGEN,SCIROCCO BY R LINE,VOLKSWAGEN SCIROCCO BY R LINE,VOLKSWAGEN SCIROCCO,VOLKSWAGEN,SCIROCCO,VOLKSWAGEN SCIROCCO
768,VOLKSWAGEN,SCIROCCO R,VOLKSWAGEN SCIROCCO R,VOLKSWAGEN SCIROCCO,VOLKSWAGEN,SCIROCCO,VOLKSWAGEN SCIROCCO
769,MERCEDES,CLASE CLA,MERCEDES CLASE CLA,MERCEDES BENZ CLASE CLA,MERCEDES BENZ,CLASE CLA,MERCEDES BENZ CLASE CLA
770,HYUNDAI,IX20,HYUNDAI IX20,HYUNDAI IX20,HYUNDAI,IX20,HYUNDAI IX20
771,SKODA,ROOMSTER GREENLINE,SKODA ROOMSTER GREENLINE,SKODA ROOMSTER,SKODA,ROOMSTER,SKODA ROOMSTER
772,SKODA,ROOMSTER,SKODA ROOMSTER,SKODA ROOMSTER,SKODA,ROOMSTER,SKODA ROOMSTER
773,VOLKSWAGEN,SHARAN,VOLKSWAGEN SHARAN,VOLKSWAGEN SHARAN,VOLKSWAGEN,SHARAN,VOLKSWAGEN SHARAN
774,OPEL,ANTARA,OPEL ANTARA,OPEL ANTARA,OPEL,ANTARA,OPEL ANTARA
775,PORSCHE,CAYMAN GT4,PORSCHE CAYMAN GT4,PORSCHE CAYMAN,PORSCHE,CAYMAN,PORSCHE CAYMAN
776,PORSCHE,CAYMAN,PORSCHE CAYMAN,PORSCHE CAYMAN,PORSCHE,CAYMAN,PORSCHE CAYMAN
777,PORSCHE,CAYMAN R,PORSCHE CAYMAN R,PORSCHE CAYMAN,PORSCHE,CAYMAN,PORSCHE CAYMAN
778,CITROEN,C1,CITROEN C1,CITROEN C1,CITROEN,C1,CITROEN C1
779,FORD,GRAND C MAX,FORD GRAND C MAX,FORD GRAND C MAX,FORD,GRAND C MAX,FORD GRAND C MAX
780,FORD,GRAND C MAX,FORD GRAND C MAX,FORD GRAND C MAX,FORD,GRAND C MAX,FORD GRAND C MAX
781,FORD,GRAND C MAX,FORD GRAND C MAX,FORD GRAND C MAX,FORD,GRAND C MAX,FORD GRAND C MAX
782,PEUGEOT,ION,PEUGEOT ION,PEUGEOT ION,PEUGEOT,ION,PEUGEOT ION
783,CITROEN,C ZERO,CITROEN C ZERO,CITROEN C ZERO,CITROEN,C ZERO,CITROEN C ZERO
784,VOLVO,V60 TWIN ENGINE,VOLVO V60 TWIN ENGINE,VOLVO V60 TWIN ENGINE,VOLVO,V60 TWIN ENGINE,VOLVO V60 TWIN ENGINE
785,KIA,VENGA,KIA VENGA,KIA VENGA,KIA,VENGA,KIA VENGA
786,PEUGEOT,208 GTI,PEUGEOT 208 GTI,PEUGEOT 208 GTI,PEUGEOT,208 GTI,PEUGEOT 208 GTI
787,OPEL,ADAM ROCKS,OPEL ADAM ROCKS,OPEL ADAM,OPEL,ADAM,OPEL ADAM
788,OPEL,ADAM S,OPEL ADAM S,OPEL ADAM,OPEL,ADAM,OPEL ADAM
789,OPEL,ADAM,OPEL ADAM,OPEL ADAM,OPEL,ADAM,OPEL ADAM
790,CADILLAC,CTS CTS V,CADILLAC CTS CTS V,CADILLAC CTS,CADILLAC,CTS,CADILLAC CTS
791,CADILLAC,CTS,CADILLAC CTS,CADILLAC CTS,CADILLAC,CTS,CADILLAC CTS
792,NISSAN,PULSAR,NISSAN PULSAR,NISSAN PULSAR,NISSAN,PULSAR,NISSAN PULSAR
793,TOYOTA,IQ,TOYOTA IQ,TOYOTA IQ,TOYOTA,IQ,TOYOTA IQ
794,FIAT,LINEA,FIAT LINEA,FIAT LINEA,FIAT,LINEA,FIAT LINEA
795,VOLKSWAGEN,MULTIVAN,VOLKSWAGEN MULTIVAN,VOLKSWAGEN MULTIVAN,VOLKSWAGEN,MULTIVAN,VOLKSWAGEN MULTIVAN
796,SUZUKI,KIZASHI,SUZUKI KIZASHI,SUZUKI KIZASHI,SUZUKI,KIZASHI,SUZUKI KIZASHI
797,CHEVROLET,AVEO,CHEVROLET AVEO,CHEVROLET AVEO,CHEVROLET,AVEO,CHEVROLET AVEO
798,SUZUKI,CELERIO,SUZUKI CELERIO,SUZUKI CELERIO,SUZUKI,CELERIO,SUZUKI CELERIO
799,MAZDA,CX 9,MAZDA CX 9,MAZDA CX 9,MAZDA,CX 9,MAZDA CX 9
800,PEUGEOT,108,PEUGEOT 108,PEUGEOT 108,PEUGEOT,108,PEUGEOT 108
801,VOLKSWAGEN,JETTA,VOLKSWAGEN JETTA,VOLKSWAGEN JETTA,VOLKSWAGEN,JETTA,VOLKSWAGEN JETTA
802,MITSUBISHI,I MIEV,MITSUBISHI I MIEV,MITSUBISHI I MIEV,MITSUBISHI,I MIEV,MITSUBISHI I MIEV
803,CITROEN,DS4,CITROEN DS4,CITROEN DS4,CITROEN,DS4,CITROEN DS4
804,DACIA,DOKKER STEPWAY,DACIA DOKKER STEPWAY,DACIA DOKKER,DACIA,DOKKER,DACIA DOKKER
805,DACIA,DOKKER,DACIA DOKKER,DACIA DOKKER,DACIA,DOKKER,DACIA DOKKER
806,MAHINDRA,XUV 500,MAHINDRA XUV 500,MAHINDRA XUV 500,MAHINDRA,XUV 500,MAHINDRA XUV 500
807,DACIA,LODGY,DACIA LODGY,DACIA LODGY,DACIA,LODGY,DACIA LODGY
808,CITROEN,DS5,CITROEN DS5,CITROEN DS5,CITROEN,DS5,CITROEN DS5
809,FIAT,DUCATO,FIAT DUCATO,FIAT DUCATO,FIAT,DUCATO,FIAT DUCATO
810,MITSUBISHI,MONTERO,MITSUBISHI MONTERO,MITSUBISHI MONTERO,MITSUBISHI,MONTERO,MITSUBISHI MONTERO
811,FIAT,FREEMONT CROSS,FIAT FREEMONT CROSS,FIAT FREEMONT,FIAT,FREEMONT,FIAT FREEMONT
812,FIAT,FREEMONT,FIAT FREEMONT,FIAT FREEMONT,FIAT,FREEMONT,FIAT FREEMONT
813,HYUNDAI,GENESIS,HYUNDAI GENESIS,HYUNDAI GENESIS,HYUNDAI,GENESIS,HYUNDAI GENESIS
814,AUDI,A3 E TRON,AUDI A3 E TRON,AUDI A3 40 E TRON,AUDI,A3 40 E TRON,AUDI A3 40 E TRON
815,RENAULT,TRAFIC,RENAULT TRAFIC,RENAULT TRAFIC,RENAULT,TRAFIC,RENAULT TRAFIC
816,SEAT,ALTEA,SEAT ALTEA,SEAT ALTEA,SEAT,ALTEA,SEAT ALTEA
817,SEAT,ALTEA FR,SEAT ALTEA FR,SEAT ALTEA,SEAT,ALTEA,SEAT ALTEA
818,HYUNDAI,GRAND SANTA FE,HYUNDAI GRAND SANTA FE,HYUNDAI GRAND SANTA FE,HYUNDAI,GRAND SANTA FE,HYUNDAI GRAND SANTA FE
819,NISSAN,MURANO,NISSAN MURANO,NISSAN MURANO,NISSAN,MURANO,NISSAN MURANO
820,LAND ROVER,FREELANDER,LAND ROVER FREELANDER,LAND ROVER FREELANDER,LAND ROVER,FREELANDER,LAND ROVER FREELANDER
821,CITROEN,JUMPY,CITROEN JUMPY,CITROEN JUMPY,CITROEN,JUMPY,CITROEN JUMPY
822,FIAT,500L,FIAT 500L,FIAT 500L,FIAT,500L,FIAT 500L
823,SUBARU,LEGACY,SUBARU LEGACY,SUBARU LEGACY,SUBARU,LEGACY,SUBARU LEGACY
824,TATA,VISTA,TATA VISTA,TATA VISTA,TATA,VISTA,TATA VISTA
825,FERRARI,CALIFORNIA,FERRARI CALIFORNIA,FERRARI CALIFORNIA,FERRARI,CALIFORNIA,FERRARI CALIFORNIA
826,SKODA,YETI,SKODA YETI,SKODA YETI,SKODA,YETI,SKODA YETI
827,CHEVROLET,TRAX,CHEVROLET TRAX,CHEVROLET TRAX,CHEVROLET,TRAX,CHEVROLET TRAX
828,CHEVROLET,CORVETTE STINGRAY,CHEVROLET CORVETTE STINGRAY,CHEVROLET CORVETTE,CHEVROLET,CORVETTE,CHEVROLET CORVETTE
829,CHEVROLET,CORVETTE,CHEVROLET CORVETTE,CHEVROLET CORVETTE,CHEVROLET,CORVETTE,CHEVROLET CORVETTE
830,CHEVROLET,CORVETTE 50 ANIVERSARIO,CHEVROLET CORVETTE 50 ANIVERSARIO,CHEVROLET CORVETTE,CHEVROLET,CORVETTE,CHEVROLET CORVETTE
831,CHEVROLET,CAMARO,CHEVROLET CAMARO,CHEVROLET CAMARO,CHEVROLET,CAMARO,CHEVROLET CAMARO
832,SUZUKI,GRAND VITARA,SUZUKI GRAND VITARA,SUZUKI GRAND VITARA,SUZUKI,GRAND VITARA,SUZUKI GRAND VITARA
833,HYUNDAI,IX55,HYUNDAI IX55,HYUNDAI IX55,HYUNDAI,IX55,HYUNDAI IX55
834,VOLKSWAGEN,EOS,VOLKSWAGEN EOS,VOLKSWAGEN EOS,VOLKSWAGEN,EOS,VOLKSWAGEN EOS
835,SUZUKI,SPLASH,SUZUKI SPLASH,SUZUKI SPLASH,SUZUKI,SPLASH,SUZUKI SPLASH
836,TATA,INDIGO,TATA INDIGO,TATA INDIGO MARINA,TATA,INDIGO MARINA,TATA INDIGO MARINA
837,BENTLEY,CONTINENTAL FLYING SPUR,BENTLEY CONTINENTAL FLYING SPUR,BENTLEY CONTINENTAL,BENTLEY,CONTINENTAL,BENTLEY CONTINENTAL
838,FIAT,PUNTO,FIAT PUNTO,FIAT PUNTO,FIAT,PUNTO,FIAT PUNTO
839,FIAT,PUNTO EVO,FIAT PUNTO EVO,FIAT PUNTO,FIAT,PUNTO,FIAT PUNTO
840,CITROEN,DS3,CITROEN DS3,CITROEN DS3,CITROEN,DS3,CITROEN DS3
841,LANCIA,DELTA,LANCIA DELTA,LANCIA DELTA,LANCIA,DELTA,LANCIA DELTA
842,CHEVROLET,CAPTIVA,CHEVROLET CAPTIVA,CHEVROLET CAPTIVA,CHEVROLET,CAPTIVA,CHEVROLET CAPTIVA
843,HONDA,CR Z,HONDA CR Z,HONDA CR Z,HONDA,CR Z,HONDA CR Z
844,VOLVO,XC70,VOLVO XC70,VOLVO XC70,VOLVO,XC70,VOLVO XC70
845,SEAT,EXEO,SEAT EXEO,SEAT EXEO,SEAT,EXEO,SEAT EXEO
846,CHEVROLET,SPARK,CHEVROLET SPARK,CHEVROLET SPARK,CHEVROLET,SPARK,CHEVROLET SPARK
847,VOLVO,V60 PLUG IN HYBRID,VOLVO V60 PLUG IN HYBRID,VOLVO V60 PLUG IN HYBRID,VOLVO,V60 PLUG IN HYBRID,VOLVO V60 PLUG IN HYBRID
848,CHEVROLET,MALIBU,CHEVROLET MALIBU,CHEVROLET MALIBU,CHEVROLET,MALIBU,CHEVROLET MALIBU
849,CHRYSLER,CROSSFIRE,CHRYSLER CROSSFIRE,CHRYSLER CROSSFIRE,CHRYSLER,CROSSFIRE,CHRYSLER CROSSFIRE
850,CADILLAC,SRX,CADILLAC SRX,CADILLAC SRX,CADILLAC,SRX,CADILLAC SRX
851,VOLKSWAGEN,CC,VOLKSWAGEN CC,VOLKSWAGEN CC,VOLKSWAGEN,CC,VOLKSWAGEN CC
852,HYUNDAI,VELOSTER,HYUNDAI VELOSTER,HYUNDAI VELOSTER,HYUNDAI,VELOSTER,HYUNDAI VELOSTER
853,CHEVROLET,CRUZE,CHEVROLET CRUZE,CHEVROLET CRUZE,CHEVROLET,CRUZE,CHEVROLET CRUZE
854,VOLKSWAGEN,PHAETON,VOLKSWAGEN PHAETON,VOLKSWAGEN PHAETON,VOLKSWAGEN,PHAETON,VOLKSWAGEN PHAETON
855,LANCIA,THEMA,LANCIA THEMA,LANCIA THEMA,LANCIA,THEMA,LANCIA THEMA
856,NISSAN,PIXO,NISSAN PIXO,NISSAN PIXO,NISSAN,PIXO,NISSAN PIXO
857,JEEP,GRAND CHEROKEE SRT8,JEEP GRAND CHEROKEE SRT8,JEEP GRAND CHEROKEE SRT,JEEP,GRAND CHEROKEE SRT,JEEP GRAND CHEROKEE SRT
858,HONDA,ACCORD,HONDA ACCORD,HONDA ACCORD,HONDA,ACCORD,HONDA ACCORD
859,SSANGYONG,ACTYON SPORTS,SSANGYONG ACTYON SPORTS,SSANGYONG ACTYON SPORTS,SSANGYONG,ACTYON SPORTS,SSANGYONG ACTYON SPORTS
860,FIAT,SEDICI,FIAT SEDICI,FIAT SEDICI,FIAT,SEDICI,FIAT SEDICI
861,HONDA,INSIGHT,HONDA INSIGHT,HONDA INSIGHT,HONDA,INSIGHT,HONDA INSIGHT
862,CHEVROLET,ORLANDO,CHEVROLET ORLANDO,CHEVROLET ORLANDO,CHEVROLET,ORLANDO,CHEVROLET ORLANDO
863,NISSAN,QASHQAI 2,NISSAN QASHQAI 2,NISSAN QASHQAI 2,NISSAN,QASHQAI 2,NISSAN QASHQAI 2
864,NISSAN,QASHQAI 2,NISSAN QASHQAI 2,NISSAN QASHQAI 2,NISSAN,QASHQAI 2,NISSAN QASHQAI 2
865,NISSAN,QASHQAI 2,NISSAN QASHQAI 2,NISSAN QASHQAI 2,NISSAN,QASHQAI 2,NISSAN QASHQAI 2
866,NISSAN,QASHQAI 2,NISSAN QASHQAI 2,NISSAN QASHQAI 2,NISSAN,QASHQAI 2,NISSAN QASHQAI 2
867,PEUGEOT,107,PEUGEOT 107,PEUGEOT 107,PEUGEOT,107,PEUGEOT 107
868,INFINITI,M,INFINITI M,INFINITI M,INFINITI,M,INFINITI M
869,PEUGEOT,207,PEUGEOT 207,PEUGEOT 207,PEUGEOT,207,PEUGEOT 207
870,PEUGEOT,207,PEUGEOT 207,PEUGEOT 207,PEUGEOT,207,PEUGEOT 207
871,PEUGEOT,207 OUTDOOR,PEUGEOT 207 OUTDOOR,PEUGEOT 207,PEUGEOT,207,PEUGEOT 207
872,PEUGEOT,207 OUTDOOR,PEUGEOT 207 OUTDOOR,PEUGEOT 207,PEUGEOT,207,PEUGEOT 207
873,PEUGEOT,207 RC,PEUGEOT 207 RC,PEUGEOT 207,PEUGEOT,207,PEUGEOT 207
874,PEUGEOT,207 RC,PEUGEOT 207 RC,PEUGEOT 207,PEUGEOT,207,PEUGEOT 207
875,JAGUAR,XK,JAGUAR XK,JAGUAR XK,JAGUAR,XK,JAGUAR XK
876,SEAT,LEON FR,SEAT LEON FR,SEAT LEON FR,SEAT,LEON FR,SEAT LEON FR
877,MITSUBISHI,LANCER,MITSUBISHI LANCER,MITSUBISHI LANCER,MITSUBISHI,LANCER,MITSUBISHI LANCER
878,SAAB,9 5,SAAB 9 5,SAAB 9 5,SAAB,9 5,SAAB 9 5
879,SAAB,9 5,SAAB 9 5,SAAB 9 5,SAAB,9 5,SAAB 9 5
880,SAAB,9 5,SAAB 9 5,SAAB 9 5,SAAB,9 5,SAAB 9 5
881,RENAULT,LATITUDE,RENAULT LATITUDE,RENAULT LATITUDE,RENAULT,LATITUDE,RENAULT LATITUDE
882,VOLVO,S80,VOLVO S80,VOLVO S80,VOLVO,S80,VOLVO S80
883,MERCEDES,SLS AMG,MERCEDES SLS AMG,MERCEDES BENZ SLS AMG,MERCEDES BENZ,SLS AMG,MERCEDES BENZ SLS AMG
884,VOLVO,C30,VOLVO C30,VOLVO C30,VOLVO,C30,VOLVO C30
885,RENAULT,MEGANE RENAULT SPORT,RENAULT MEGANE RENAULT SPORT,RENAULT MEGANE SPORT TOURER,RENAULT,MEGANE SPORT TOURER,RENAULT MEGANE SPORT TOURER
886,VOLVO,V70,VOLVO V70,VOLVO V70,VOLVO,V70,VOLVO V70
887,SAAB,9 3,SAAB 9 3,SAAB 9 3,SAAB,9 3,SAAB 9 3
888,SAAB,9 3,SAAB 9 3,SAAB 9 3,SAAB,9 3,SAAB 9 3
889,SAAB,9 3,SAAB 9 3,SAAB 9 3,SAAB,9 3,SAAB 9 3
890,SAAB,9 3,SAAB 9 3,SAAB 9 3,SAAB,9 3,SAAB 9 3
891,SAAB,9 3X,SAAB 9 3X,SAAB 9 3,SAAB,9 3,SAAB 9 3
892,SAAB,9 3X,SAAB 9 3X,SAAB 9 3,SAAB,9 3,SAAB 9 3
893,SAAB,9 3X,SAAB 9 3X,SAAB 9 3,SAAB,9 3,SAAB 9 3
894,SAAB,9 3X,SAAB 9 3X,SAAB 9 3,SAAB,9 3,SAAB 9 3
895,INFINITI,QX70,INFINITI QX70,INFINITI QX70,INFINITI,QX70,INFINITI QX70
896,CITROEN,C CROSSER,CITROEN C CROSSER,CITROEN C CROSSER,CITROEN,C CROSSER,CITROEN C CROSSER
897,KIA,CARNIVAL,KIA CARNIVAL,KIA CARNIVAL,KIA,CARNIVAL,KIA CARNIVAL
898,VOLKSWAGEN,PASSAT CC,VOLKSWAGEN PASSAT CC,VOLKSWAGEN PASSAT CC,VOLKSWAGEN,PASSAT CC,VOLKSWAGEN PASSAT CC
899,VOLKSWAGEN,PASSAT CC R LINE,VOLKSWAGEN PASSAT CC R LINE,VOLKSWAGEN PASSAT CC,VOLKSWAGEN,PASSAT CC,VOLKSWAGEN PASSAT CC
900,VOLVO,S40,VOLVO S40,VOLVO S40,VOLVO,S40,VOLVO S40
901,VOLVO,S40 KINETIC,VOLVO S40 KINETIC,VOLVO S40,VOLVO,S40,VOLVO S40
902,VOLVO,V50,VOLVO V50,VOLVO V50,VOLVO,V50,VOLVO V50
903,SKODA,OCTAVIA GREENLINE,SKODA OCTAVIA GREENLINE,SKODA OCTAVIA GREEN LINE,SKODA,OCTAVIA GREEN LINE,SKODA OCTAVIA GREEN LINE
904,ALFA ROMEO,159,ALFA ROMEO 159,ALFA ROMEO 159,ALFA ROMEO,159,ALFA ROMEO 159
905,VOLKSWAGEN,POLO BLUEMOTION,VOLKSWAGEN POLO BLUEMOTION,VOLKSWAGEN POLO BLUE MOTION,VOLKSWAGEN,POLO BLUE MOTION,VOLKSWAGEN POLO BLUE MOTION
906,OPEL,VECTRA,OPEL VECTRA,OPEL VECTRA,OPEL,VECTRA,OPEL VECTRA
907,OPEL,VECTRA,OPEL VECTRA,OPEL VECTRA,OPEL,VECTRA,OPEL VECTRA
908,RENAULT,MEGANE GT,RENAULT MEGANE GT,RENAULT MEGANE G,RENAULT,MEGANE G,RENAULT MEGANE G
909,CHRYSLER,300C,CHRYSLER 300C,CHRYSLER 300C,CHRYSLER,300C,CHRYSLER 300C
910,SEAT,IBIZA FR,SEAT IBIZA FR,SEAT IBIZA FR,SEAT,IBIZA FR,SEAT IBIZA FR
911,JEEP,PATRIOT,JEEP PATRIOT,JEEP PATRIOT,JEEP,PATRIOT,JEEP PATRIOT
912,RENAULT,WIND,RENAULT WIND,RENAULT WIND,RENAULT,WIND,RENAULT WIND
913,LADA,4X4,LADA 4X4,LADA 4X4,LADA,4X4,LADA 4X4
914,VOLKSWAGEN,GOLF BLUEMOTION,VOLKSWAGEN GOLF BLUEMOTION,VOLKSWAGEN GOLF BLUE MOTION,VOLKSWAGEN,GOLF BLUE MOTION,VOLKSWAGEN GOLF BLUE MOTION
915,SUBARU,JUSTY,SUBARU JUSTY,SUBARU JUSTY,SUBARU,JUSTY,SUBARU JUSTY
916,NISSAN,PATROL,NISSAN PATROL,NISSAN PATROL,NISSAN,PATROL,NISSAN PATROL
917,SEAT,ALTEA FREETRACK,SEAT ALTEA FREETRACK,SEAT ALTEA FREETRACK,SEAT,ALTEA FREETRACK,SEAT ALTEA FREETRACK
918,VOLKSWAGEN,GOLF PLUS,VOLKSWAGEN GOLF PLUS,VOLKSWAGEN GOLF PLUS,VOLKSWAGEN,GOLF PLUS,VOLKSWAGEN GOLF PLUS
919,MAZDA,CX 7,MAZDA CX 7,MAZDA CX 7,MAZDA,CX 7,MAZDA CX 7
920,MAZDA,CX 7,MAZDA CX 7,MAZDA CX 7,MAZDA,CX 7,MAZDA CX 7
921,MAZDA,CX 7,MAZDA CX 7,MAZDA CX 7,MAZDA,CX 7,MAZDA CX 7
922,NISSAN,CUBE,NISSAN CUBE,NISSAN CUBE,NISSAN,CUBE,NISSAN CUBE
923,SSANGYONG,ACTYON,SSANGYONG ACTYON,SSANGYONG ACTYON,SSANGYONG,ACTYON,SSANGYONG ACTYON
924,DODGE,JOURNEY,DODGE JOURNEY,DODGE JOURNEY,DODGE,JOURNEY,DODGE JOURNEY
925,PEUGEOT,4007,PEUGEOT 4007,PEUGEOT 4007,PEUGEOT,4007,PEUGEOT 4007
926,DODGE,CALIBER,DODGE CALIBER,DODGE CALIBER,DODGE,CALIBER,DODGE CALIBER
927,VOLVO,C70,VOLVO C70,VOLVO C70,VOLVO,C70,VOLVO C70
928,MAZDA,RX 8,MAZDA RX 8,MAZDA RX 8,MAZDA,RX 8,MAZDA RX 8
929,PEUGEOT,COUPE 407,PEUGEOT COUPE 407,PEUGEOT 406 COUPE,PEUGEOT,406 COUPE,PEUGEOT 406 COUPE
930,CITROEN,C6,CITROEN C6,CITROEN C6,CITROEN,C6,CITROEN C6
931,SSANGYONG,KYRON,SSANGYONG KYRON,SSANGYONG KYRON,SSANGYONG,KYRON,SSANGYONG KYRON
932,HONDA,CIVIC HYBRID,HONDA CIVIC HYBRID,HONDA CIVIC HYBRID,HONDA,CIVIC HYBRID,HONDA CIVIC HYBRID
933,DAIHATSU,TERIOS,DAIHATSU TERIOS,DAIHATSU TERIOS,DAIHATSU,TERIOS,DAIHATSU TERIOS
934,ALFA ROMEO,BRERA,ALFA ROMEO BRERA,ALFA ROMEO BRERA,ALFA ROMEO,BRERA,ALFA ROMEO BRERA
935,SUZUKI,ALTO,SUZUKI ALTO,SUZUKI ALTO,SUZUKI,ALTO,SUZUKI ALTO
936,TOYOTA,COROLLA VERSO,TOYOTA COROLLA VERSO,TOYOTA COROLLA VERSO,TOYOTA,COROLLA VERSO,TOYOTA COROLLA VERSO
937,ALFA ROMEO,SPIDER,ALFA ROMEO SPIDER,ALFA ROMEO SPIDER,ALFA ROMEO,SPIDER,ALFA ROMEO SPIDER
938,ALFA ROMEO,8C SPIDER,ALFA ROMEO 8C SPIDER,ALFA ROMEO SPIDER,ALFA ROMEO,SPIDER,ALFA ROMEO SPIDER
939,PEUGEOT,407,PEUGEOT 407,PEUGEOT 407,PEUGEOT,407,PEUGEOT 407
940,LAND ROVER,DEFENDER SVX,LAND ROVER DEFENDER SVX,LAND ROVER DEFENDER,LAND ROVER,DEFENDER,LAND ROVER DEFENDER
941,LAND ROVER,DEFENDER,LAND ROVER DEFENDER,LAND ROVER DEFENDER,LAND ROVER,DEFENDER,LAND ROVER DEFENDER
942,JAGUAR,X TYPE,JAGUAR X TYPE,JAGUAR X TYPE,JAGUAR,X TYPE,JAGUAR X TYPE
943,JAGUAR,X TYPE,JAGUAR X TYPE,JAGUAR X TYPE,JAGUAR,X TYPE,JAGUAR X TYPE
944,VOLKSWAGEN,PASSAT BLUEMOTION,VOLKSWAGEN PASSAT BLUEMOTION,VOLKSWAGEN PASSAT BLUE MOTION,VOLKSWAGEN,PASSAT BLUE MOTION,VOLKSWAGEN PASSAT BLUE MOTION
945,HYUNDAI,SONATA,HYUNDAI SONATA,HYUNDAI SONATA,HYUNDAI,SONATA,HYUNDAI SONATA
946,FIAT,FIORINO,FIAT FIORINO,FIAT FIORINO,FIAT,FIORINO,FIAT FIORINO
947,CADILLAC,BLS,CADILLAC BLS,CADILLAC BLS,CADILLAC,BLS,CADILLAC BLS
948,CHRYSLER,GRAND VOYAGER,CHRYSLER GRAND VOYAGER,CHRYSLER GRAND VOYAGER,CHRYSLER,GRAND VOYAGER,CHRYSLER GRAND VOYAGER
949,CITROEN,C2,CITROEN C2,CITROEN C2,CITROEN,C2,CITROEN C2
950,OPEL,AGILA,OPEL AGILA,OPEL AGILA,OPEL,AGILA,OPEL AGILA
951,LANCIA,MUSA,LANCIA MUSA,LANCIA MUSA,LANCIA,MUSA,LANCIA MUSA
952,CHRYSLER,SEBRING,CHRYSLER SEBRING,CHRYSLER SEBRING,CHRYSLER,SEBRING,CHRYSLER SEBRING
953,OPEL,TIGRA,OPEL TIGRA,OPEL TIGRA,OPEL,TIGRA,OPEL TIGRA
954,CITROEN,C8,CITROEN C8,CITROEN C8,CITROEN,C8,CITROEN C8
955,CHEVROLET,HHR,CHEVROLET HHR,CHEVROLET HHR,CHEVROLET,HHR,CHEVROLET HHR
956,PEUGEOT,807,PEUGEOT 807,PEUGEOT 807,PEUGEOT,807,PEUGEOT 807
957,FIAT,CROMA,FIAT CROMA,FIAT CROMA,FIAT,CROMA,FIAT CROMA
958,RENAULT,GRAND MODUS,RENAULT GRAND MODUS,RENAULT GRAND MODUS,RENAULT,GRAND MODUS,RENAULT GRAND MODUS
959,SUBARU,TRIBECA,SUBARU TRIBECA,SUBARU TRIBECA,SUBARU,TRIBECA,SUBARU TRIBECA
960,LANCIA,PHEDRA,LANCIA PHEDRA,LANCIA PHEDRA,LANCIA,PHEDRA,LANCIA PHEDRA
961,NISSAN,TIIDA,NISSAN TIIDA,NISSAN TIIDA,NISSAN,TIIDA,NISSAN TIIDA
962,SEAT,ALTEA XL,SEAT ALTEA XL,SEAT ALTEA XL,SEAT,ALTEA XL,SEAT ALTEA XL
963,CHEVROLET,LACETTI,CHEVROLET LACETTI,CHEVROLET LACETTI,CHEVROLET,LACETTI,CHEVROLET LACETTI
964,OPEL,GT,OPEL GT,OPEL GT,OPEL,GT,OPEL GT
965,CHEVROLET,MATIZ,CHEVROLET MATIZ,CHEVROLET MATIZ,CHEVROLET,MATIZ,CHEVROLET MATIZ
966,TATA,INDICA,TATA INDICA,TATA INDICA,TATA,INDICA,TATA INDICA
967,FIAT,IDEA,FIAT IDEA,FIAT IDEA,FIAT,IDEA,FIAT IDEA
968,CHEVROLET,NUBIRA,CHEVROLET NUBIRA,CHEVROLET NUBIRA,CHEVROLET,NUBIRA,CHEVROLET NUBIRA
969,DODGE,AVENGER,DODGE AVENGER,DODGE AVENGER,DODGE,AVENGER,DODGE AVENGER
970,HYUNDAI,COUPE,HYUNDAI COUPE,HYUNDAI COUPE,HYUNDAI,COUPE,HYUNDAI COUPE
971,CHEVROLET,EPICA,CHEVROLET EPICA,CHEVROLET EPICA,CHEVROLET,EPICA,CHEVROLET EPICA
972,TATA,GRAND SAFARI,TATA GRAND SAFARI,TATA GRAND SAFARI DICOR,TATA,GRAND SAFARI DICOR,TATA GRAND SAFARI DICOR
973,HONDA,FR V,HONDA FR V,HONDA FR V,HONDA,FR V,HONDA FR V
974,HONDA,FR V,HONDA FR V,HONDA FR V,HONDA,FR V,HONDA FR V
975,HONDA,LEGEND,HONDA LEGEND,HONDA LEGEND,HONDA,LEGEND,HONDA LEGEND
976,KIA,OPIRUS,KIA OPIRUS,KIA OPIRUS,KIA,OPIRUS,KIA OPIRUS
977,HYUNDAI,ACCENT,HYUNDAI ACCENT,HYUNDAI ACCENT,HYUNDAI,ACCENT,HYUNDAI ACCENT
978,RENAULT,VEL SATIS,RENAULT VEL SATIS,RENAULT VEL SATIS,RENAULT,VEL SATIS,RENAULT VEL SATIS
979,JEEP,COMMANDER,JEEP COMMANDER,JEEP COMMANDER,JEEP,COMMANDER,JEEP COMMANDER
980,SEAT,CORDOBA,SEAT CORDOBA,SEAT CORDOBA,SEAT,CORDOBA,SEAT CORDOBA
981,KIA,MAGENTIS,KIA MAGENTIS,KIA MAGENTIS,KIA,MAGENTIS,KIA MAGENTIS
982,DODGE,NITRO,DODGE NITRO,DODGE NITRO,DODGE,NITRO,DODGE NITRO
983,FORD,FUSION,FORD FUSION,FORD FUSION,FORD,FUSION,FORD FUSION
984,LEXUS,SC,LEXUS SC,LEXUS SC 430,LEXUS,SC 430,LEXUS SC 430
985,MITSUBISHI,GRANDIS,MITSUBISHI GRANDIS,MITSUBISHI GRANDIS,MITSUBISHI,GRANDIS,MITSUBISHI GRANDIS
986,DAIHATSU,SIRION,DAIHATSU SIRION,DAIHATSU SIRION,DAIHATSU,SIRION,DAIHATSU SIRION
987,HYUNDAI,GETZ,HYUNDAI GETZ,HYUNDAI GETZ,HYUNDAI,GETZ,HYUNDAI GETZ
988,PEUGEOT,307,PEUGEOT 307,PEUGEOT 307,PEUGEOT,307,PEUGEOT 307
989,VOLKSWAGEN,NEW BEETLE,VOLKSWAGEN NEW BEETLE,VOLKSWAGEN NEW BEETLE,VOLKSWAGEN,NEW BEETLE,VOLKSWAGEN NEW BEETLE
990,HUMMER,H3,HUMMER H3,HUMMER H3,HUMMER,H3,HUMMER H3
991,VOLKSWAGEN,FOX,VOLKSWAGEN FOX,VOLKSWAGEN FOX,VOLKSWAGEN,FOX,VOLKSWAGEN FOX
992,PEUGEOT,1007,PEUGEOT 1007,PEUGEOT 1007,PEUGEOT,1007,PEUGEOT 1007
993,CHEVROLET,KALOS,CHEVROLET KALOS,CHEVROLET KALOS,CHEVROLET,KALOS,CHEVROLET KALOS
994,PORSCHE,BOXSTER S,PORSCHE BOXSTER S,PORSCHE BOXSTER S,PORSCHE,BOXSTER S,PORSCHE BOXSTER S
995,PEUGEOT,607,PEUGEOT 607,PEUGEOT 607,PEUGEOT,607,PEUGEOT 607
996,MINI,MINI COOPER S,MINI MINI COOPER S,MINI COOPER S,MINI,COOPER S,MINI COOPER S
997,PORSCHE,911 CARRERA S,PORSCHE 911 CARRERA S,PORSCHE 911 CARRERA S,PORSCHE,911 CARRERA S,PORSCHE 911 CARRERA S
998,MG,ZR,MG ZR,MG ZR,MG,ZR,MG ZR
999,MITSUBISHI,MONTERO SPORT,MITSUBISHI MONTERO SPORT,MITSUBISHI MONTERO SPORT,MITSUBISHI,MONTERO SPORT,MITSUBISHI MONTERO SPORT
1000,ROVER,25,ROVER 25,ROVER 25,ROVER,25,ROVER 25
1001,RENAULT,MODUS,RENAULT MODUS,RENAULT MODUS,RENAULT,MODUS,RENAULT MODUS
1002,ALFA ROMEO,GT,ALFA ROMEO GT,ALFA ROMEO GT,ALFA ROMEO,GT,ALFA ROMEO GT
1003,KIA,CERATO,KIA CERATO,KIA CERATO,KIA,CERATO,KIA CERATO
1004,FIAT,MULTIPLA,FIAT MULTIPLA,FIAT MULTIPLA,FIAT,MULTIPLA,FIAT MULTIPLA
1005,CHRYSLER,VOYAGER,CHRYSLER VOYAGER,CHRYSLER VOYAGER,CHRYSLER,VOYAGER,CHRYSLER VOYAGER
1006,ROVER,75,ROVER 75,ROVER 75,ROVER,75,ROVER 75
1007,ALFA ROMEO,166,ALFA ROMEO 166,ALFA ROMEO 166,ALFA ROMEO,166,ALFA ROMEO 166
1008,HONDA,S2000,HONDA S2000,HONDA S2000,HONDA,S2000,HONDA S2000
1009,FIAT,BARCHETTA,FIAT BARCHETTA,FIAT BARCHETTA,FIAT,BARCHETTA,FIAT BARCHETTA
1010,ALFA ROMEO,GTV,ALFA ROMEO GTV,ALFA ROMEO GTV,ALFA ROMEO,GTV,ALFA ROMEO GTV
1011,NISSAN,ALMERA TINO,NISSAN ALMERA TINO,NISSAN ALMERA TINO,NISSAN,ALMERA TINO,NISSAN ALMERA TINO
1012,MERCEDES,VIANO,MERCEDES VIANO,MERCEDES BENZ VIANO,MERCEDES BENZ,VIANO,MERCEDES BENZ VIANO
1013,VOLVO,S60 R,VOLVO S60 R,VOLVO S60 R,VOLVO,S60 R,VOLVO S60 R
1014,OPEL,SIGNUM,OPEL SIGNUM,OPEL SIGNUM,OPEL,SIGNUM,OPEL SIGNUM
1015,DAEWOO,NUBIRA DAEWOO,DAEWOO NUBIRA DAEWOO,DAEWOO NUBIRA 1 6,DAEWOO,NUBIRA 1 6,DAEWOO NUBIRA 1 6
1016,DAEWOO,NUBIRA DAEWOO,DAEWOO NUBIRA DAEWOO,DAEWOO NUBIRA 1 6,DAEWOO,NUBIRA 1 6,DAEWOO NUBIRA 1 6
1017,DAEWOO,NUBIRA DAEWOO,DAEWOO NUBIRA DAEWOO,DAEWOO NUBIRA 1 6,DAEWOO,NUBIRA 1 6,DAEWOO NUBIRA 1 6
1018,PORSCHE,CARRERA GT,PORSCHE CARRERA GT,PORSCHE CARRERA,PORSCHE,CARRERA,PORSCHE CARRERA
1019,DAEWOO,EVANDA,DAEWOO EVANDA,DAEWOO EVANDA,DAEWOO,EVANDA,DAEWOO EVANDA
1020,FIAT,STILO,FIAT STILO,FIAT STILO,FIAT,STILO,FIAT STILO
1021,NISSAN,ALMERA,NISSAN ALMERA,NISSAN ALMERA,NISSAN,ALMERA,NISSAN ALMERA
1022,NISSAN,ALMERA ELEGANCE,NISSAN ALMERA ELEGANCE,NISSAN ALMERA,NISSAN,ALMERA,NISSAN ALMERA
1023,DAEWOO,KALOS DAEWOO,DAEWOO KALOS DAEWOO,DAEWOO KALOS 1 4,DAEWOO,KALOS 1 4,DAEWOO KALOS 1 4
1024,TOYOTA,MR2,TOYOTA MR2,TOYOTA MR2,TOYOTA,MR2,TOYOTA MR2
1025,TOYOTA,CELICA,TOYOTA CELICA,TOYOTA CELICA,TOYOTA,CELICA,TOYOTA CELICA
1026,LANCIA,THESIS,LANCIA THESIS,LANCIA THESIS,LANCIA,THESIS,LANCIA THESIS
1027,MAZDA,MPV,MAZDA MPV,MAZDA MPV,MAZDA,MPV,MAZDA MPV
1028,CHRYSLER,PACIFICA,CHRYSLER PACIFICA,CHRYSLER PACIFICA,CHRYSLER,PACIFICA,CHRYSLER PACIFICA
1029,MG,TF,MG TF,MG TF,MG,TF,MG TF
1030,MAZDA,PREMACY,MAZDA PREMACY,MAZDA PREMACY,MAZDA,PREMACY,MAZDA PREMACY
1031,CHRYSLER,NEON,CHRYSLER NEON,CHRYSLER NEON,CHRYSLER,NEON,CHRYSLER NEON
1032,RENAULT,AVANTIME,RENAULT AVANTIME,RENAULT AVANTIME,RENAULT,AVANTIME,RENAULT AVANTIME
1033,TOYOTA,AVENSIS VERSO,TOYOTA AVENSIS VERSO,TOYOTA AVENSIS VERSO,TOYOTA,AVENSIS VERSO,TOYOTA AVENSIS VERSO
1034,MG,ZT,MG ZT,MG ZT,MG,ZT,MG ZT
1035,HYUNDAI,TERRACAN,HYUNDAI TERRACAN,HYUNDAI TERRACAN,HYUNDAI,TERRACAN,HYUNDAI TERRACAN
1036,MITSUBISHI,SPACE RUNNER,MITSUBISHI SPACE RUNNER,MITSUBISHI SPACE RUNNER,MITSUBISHI,SPACE RUNNER,MITSUBISHI SPACE RUNNER
1037,DAEWOO,LANOS 1997,DAEWOO LANOS 1997,DAEWOO LANOS,DAEWOO,LANOS,DAEWOO LANOS
1038,HONDA,STREAM,HONDA STREAM,HONDA STREAM,HONDA,STREAM,HONDA STREAM
1039,MAZDA,626,MAZDA 626,MAZDA 626,MAZDA,626,MAZDA 626
1040,ALFA ROMEO,147 IMPRESSION,ALFA ROMEO 147 IMPRESSION,ALFA ROMEO ALFA 147,ALFA ROMEO,ALFA 147,ALFA ROMEO ALFA 147
1041,MAZDA,323,MAZDA 323,MAZDA 323,MAZDA,323,MAZDA 323
1042,SUZUKI,LIANA,SUZUKI LIANA,SUZUKI LIANA,SUZUKI,LIANA,SUZUKI LIANA
1043,HYUNDAI,MATRIX,HYUNDAI MATRIX,HYUNDAI MATRIX,HYUNDAI,MATRIX,HYUNDAI MATRIX
1044,MITSUBISHI,GALANT,MITSUBISHI GALANT,MITSUBISHI GALANT,MITSUBISHI,GALANT,MITSUBISHI GALANT
1045,FORD,THUNDERBIRD,FORD THUNDERBIRD,FORD THUNDERBIRD,FORD,THUNDERBIRD,FORD THUNDERBIRD
1046,BMW,Z3 M,BMW Z3 M,BMW Z3,BMW,Z3,BMW Z3
1047,CITROEN,XSARA,CITROEN XSARA,CITROEN XSARA,CITROEN,XSARA,CITROEN XSARA
1048,MITSUBISHI,MONTERO IO,MITSUBISHI MONTERO IO,MITSUBISHI MONTERO IO,MITSUBISHI,MONTERO IO,MITSUBISHI MONTERO IO
1049,MITSUBISHI,MONTERO IO,MITSUBISHI MONTERO IO,MITSUBISHI MONTERO IO,MITSUBISHI,MONTERO IO,MITSUBISHI MONTERO IO
1050,MITSUBISHI,MONTERO IO,MITSUBISHI MONTERO IO,MITSUBISHI MONTERO IO,MITSUBISHI,MONTERO IO,MITSUBISHI MONTERO IO
1051,DAEWOO,TACUMA DAEWOO,DAEWOO TACUMA DAEWOO,DAEWOO TACUMA,DAEWOO,TACUMA,DAEWOO TACUMA
1052,MITSUBISHI,CARISMA,MITSUBISHI CARISMA,MITSUBISHI CARISMA,MITSUBISHI,CARISMA,MITSUBISHI CARISMA
1053,FIAT,PALIO,FIAT PALIO,FIAT PALIO,FIAT,PALIO,FIAT PALIO
1054,PEUGEOT,406,PEUGEOT 406,PEUGEOT 406,PEUGEOT,406,PEUGEOT 406
1055,SEAT,AROSA,SEAT AROSA,SEAT AROSA,SEAT,AROSA,SEAT AROSA
1056,HYUNDAI,TRAJET,HYUNDAI TRAJET,HYUNDAI TRAJET,HYUNDAI,TRAJET,HYUNDAI TRAJET
1057,TOYOTA,PREVIA,TOYOTA PREVIA,TOYOTA PREVIA,TOYOTA,PREVIA,TOYOTA PREVIA
1058,AUDI,A2,AUDI A2,AUDI A2,AUDI,A2,AUDI A2
1059,CITROEN,XSARA PICASSO,CITROEN XSARA PICASSO,CITROEN XSARA PICASSO,CITROEN,XSARA PICASSO,CITROEN XSARA PICASSO
1060,CITROEN,XSARA PICASSO,CITROEN XSARA PICASSO,CITROEN XSARA PICASSO,CITROEN,XSARA PICASSO,CITROEN XSARA PICASSO
